,Credit_Score
9233,1
1616,1
2846,1
7247,1
7318,1
7198,1
10820,0
1833,0
3578,1
8845,1
9897,1
8995,1
6662,0
7925,0
8970,1
782,1
591,1
1156,1
1536,0
9696,1
7762,1
3455,1
9264,1
6874,1
3279,1
2401,1
5306,1
3274,0
11824,0
5680,1
2152,1
3721,0
4541,1
12445,0
9745,1
8799,1
9137,0
2816,1
7753,0
11336,0
10615,0
11847,0
6594,0
4502,0
3794,0
9704,1
3290,1
9623,1
9211,0
10079,0
8596,0
7960,1
5171,1
1731,1
9965,0
11848,0
6443,0
3710,1
1870,1
2804,1
5284,1
2211,1
10485,0
6176,1
3133,1
168,1
5042,1
5537,1
8142,1
9340,1
4029,1
7410,0
6948,1
2107,1
6935,1
9428,1
3034,1
7855,0
10553,0
7283,1
567,1
7306,1
5739,1
2367,1
7095,1
9586,1
10809,0
5098,0
440,1
2018,1
11947,0
8763,1
8332,1
4533,1
5980,1
11124,0
12066,0
5022,1
5228,1
9354,1
1224,0
6127,1
2592,0
2753,0
5985,1
5058,0
4754,0
2691,1
36,1
12238,0
4205,1
7593,0
2249,0
6942,1
7897,0
8318,1
9216,1
7831,1
4791,1
9178,1
6712,0
8209,1
7711,0
5009,0
7047,1
3881,1
1360,0
3413,1
11676,0
7425,1
486,1
8490,0
12369,0
5007,0
4870,0
5639,0
3877,1
3931,0
637,1
9162,1
4993,1
11734,0
4407,0
3238,1
4420,1
3872,1
5531,1
5899,0
7248,0
12418,0
4049,1
4194,1
11466,0
167,1
1915,0
10878,0
7255,1
9075,0
3524,1
10863,0
11700,0
5453,1
801,0
2138,0
7636,0
3559,0
742,0
10607,0
5747,0
6654,0
8938,0
4477,0
4793,1
9625,1
11635,0
7795,1
10458,0
11103,0
2847,0
12223,0
2478,1
715,1
2957,1
11422,0
4872,1
3860,1
8031,1
4816,0
4881,0
10531,0
11142,0
2089,0
9530,1
9060,1
5129,0
7132,0
4410,0
1834,0
11689,0
6672,0
9841,0
10064,0
7596,0
5893,0
11951,0
4226,1
2485,0
3858,1
3776,1
12297,0
8282,1
1886,0
3003,0
23,1
4604,1
8449,1
1309,1
9022,1
5937,1
789,1
6050,0
5035,1
10790,0
4580,1
3219,0
10078,0
2514,1
11145,0
6101,0
8746,0
9124,0
4901,1
10345,0
9932,1
1957,0
12234,0
11889,0
10586,0
5566,0
7362,0
11202,0
6717,0
1395,1
9353,1
7784,1
5900,1
3393,1
12379,0
9818,1
7931,1
10685,0
3822,0
9090,0
6069,1
1226,1
5653,1
3492,1
12201,0
11231,0
10693,0
7249,1
6559,1
7302,1
10628,0
4320,1
3902,1
1310,0
6758,0
7649,0
5100,1
7603,1
4730,1
7524,0
6850,1
3948,1
1822,1
7453,0
1315,1
12236,0
6108,1
4102,1
10897,0
2315,0
2826,1
5196,1
11782,0
2595,0
9901,1
1339,1
3264,0
12036,0
738,1
5221,1
965,1
252,1
7666,1
5719,1
2098,0
5666,1
5820,0
8184,1
872,1
9851,0
5270,1
9035,0
6856,1
11721,0
4722,0
12048,0
6271,0
11234,0
5816,0
9877,1
6369,1
4168,0
5286,0
5940,1
10747,0
7252,1
10400,0
5890,1
8759,0
12346,0
10622,0
8961,1
12210,0
447,0
10378,0
56,0
3412,1
8629,1
2855,0
4303,0
2986,0
476,1
10065,0
7144,1
10390,0
11520,0
11086,0
11398,0
9471,0
5873,1
9807,0
6323,1
750,0
10915,0
5886,0
5147,0
376,1
2458,1
6487,0
6866,1
6145,0
8374,0
5013,0
10746,0
6392,1
10993,0
12436,0
12440,0
7652,1
7050,1
5595,0
9674,0
2400,1
5491,1
6291,1
9653,0
9601,0
5328,0
11863,0
8671,1
10163,0
8243,1
11705,0
11031,0
5008,0
227,1
5920,1
2317,1
3698,0
4338,1
6258,1
2648,1
1508,1
9770,1
11616,0
1684,0
499,1
12451,0
1699,1
1877,0
6911,1
513,0
10639,0
5582,0
8025,1
2704,1
820,1
6407,1
5369,1
7787,0
9838,1
7826,1
2448,0
474,0
6149,0
4165,0
5494,0
8255,1
11193,0
2916,1
3833,1
5384,0
480,1
5421,1
7752,1
5751,0
2577,1
11283,0
5894,1
4418,0
6146,0
4093,1
12353,0
8183,0
9525,1
5216,0
1349,0
12378,0
4985,1
3643,1
9222,0
2922,1
3434,0
6840,1
9315,1
1606,1
5281,0
3031,0
2762,1
9148,1
11049,0
4989,0
3148,1
11076,0
1659,1
6306,1
11218,0
10235,0
1446,1
4862,0
1020,0
705,0
6658,1
1866,1
8886,1
9764,1
7267,0
2122,1
7307,1
2574,0
10056,0
1921,1
2956,1
7506,0
7054,1
6595,1
4091,1
1419,1
3424,1
12404,0
5379,1
10128,0
2025,1
594,0
1558,1
5712,1
6496,1
8104,1
11886,0
3523,1
4847,1
6492,1
8643,1
3400,1
2058,0
8055,1
3692,0
4759,1
11417,0
12244,0
2652,0
7436,1
9955,0
4115,1
5758,1
9542,1
7495,0
535,0
9792,1
292,1
2836,1
7803,0
9609,0
2870,1
5317,1
4766,1
9737,1
9431,0
8673,1
10608,0
9585,0
1318,1
11633,0
4464,0
9591,0
7905,1
9373,0
5303,1
7093,1
8499,1
9185,0
6253,1
12229,0
2546,0
2228,0
10985,0
6408,1
7089,1
10951,0
3284,0
5635,0
4292,1
4098,1
356,0
12364,0
9293,1
10708,0
11205,0
10546,0
8923,1
837,0
6114,1
266,1
12419,0
2006,1
4192,1
6389,1
9021,1
2362,1
5563,1
11524,0
10239,0
10698,0
511,1
2899,0
1890,0
3465,0
7814,1
157,1
4191,0
127,0
5785,1
3946,1
1441,1
5859,1
7180,0
7838,0
2748,1
5125,0
10503,0
7300,1
9298,1
9875,1
3061,1
11533,0
6728,0
6053,1
10417,0
1057,1
1963,0
3125,1
7452,0
11722,0
1127,1
9973,0
9959,0
9809,1
5748,0
7387,1
11999,0
6310,1
9574,1
7502,1
8710,1
1543,1
3263,1
6461,1
6436,1
3509,0
8052,1
2268,1
4877,0
12299,0
6208,0
132,1
9451,0
5024,1
9727,1
603,1
4459,1
7020,1
3704,0
8849,1
393,1
11380,0
3853,1
7562,0
5324,1
6590,1
6434,0
7944,0
8786,1
9767,0
4084,1
5703,0
5339,1
181,0
2277,1
5331,0
3234,1
6030,0
7085,1
4026,1
9497,1
9938,1
7844,0
7879,0
401,0
4118,1
3819,0
1631,1
6503,1
12164,0
9541,1
7487,1
5768,1
5687,0
12307,0
3403,0
4953,1
7474,0
8385,0
8480,1
12311,0
8743,0
11570,0
10397,0
7313,1
3995,1
3602,1
6453,1
7139,0
12167,0
2067,0
8225,0
8405,1
7811,0
10995,0
1599,0
6734,1
12047,0
1385,0
9485,1
7682,1
9562,1
6998,1
10762,0
1405,1
8825,0
3275,1
809,1
9157,0
2029,1
11269,0
2650,1
7969,0
3024,0
12330,0
8380,1
9688,1
10980,0
8236,1
3620,1
1702,1
4655,1
61,1
3650,0
1503,0
7334,0
6834,0
2094,1
12409,0
10504,0
1880,0
3370,1
11688,0
3724,1
4365,1
4515,1
10766,0
8772,0
2287,0
7273,0
11905,0
10146,0
8593,1
8532,1
12050,0
664,1
2906,1
7237,1
9238,0
1046,0
11122,0
2404,1
5609,0
1705,1
3347,1
1568,0
462,0
743,1
222,1
8113,0
8574,1
12165,0
625,0
11192,0
12298,0
2188,1
2177,0
7422,0
3499,1
9964,0
6224,1
9123,1
7600,1
438,1
4672,1
5813,0
353,0
6372,1
456,1
9987,1
7131,0
239,1
2621,1
11972,0
230,1
5781,1
4923,1
11274,0
12099,0
11069,0
5070,0
1018,1
7512,1
8855,1
8459,1
1760,1
8645,1
842,1
10929,0
10558,0
5643,0
1103,1
10836,0
8166,1
8299,1
10303,0
4337,0
3251,0
4710,1
6518,0
3063,0
5095,1
4489,1
6027,1
2947,1
11402,0
11489,0
7444,1
3431,1
11724,0
4900,1
6880,0
10838,0
4110,1
4948,1
10020,0
10465,0
10208,0
1034,1
2264,0
9926,1
11797,0
10894,0
11875,0
906,1
8370,0
9757,1
368,1
10432,0
3593,0
1415,0
6632,1
2286,0
9125,0
7764,0
12340,0
8803,0
10428,0
114,1
9565,0
4850,1
5538,1
11843,0
2900,1
1721,0
6567,1
4341,1
3184,1
11210,0
1824,1
3080,0
7298,1
3023,0
4898,0
10014,0
1901,0
7428,1
3232,0
2320,0
1918,0
6348,1
12114,0
8111,1
1569,1
6159,1
347,1
1242,1
420,1
5062,0
9403,1
37,1
4347,0
10125,0
6851,0
11097,0
11438,0
1031,0
4484,0
8686,1
11979,0
7533,0
8492,1
10328,0
5358,1
763,0
5140,1
11061,0
5107,0
8824,1
11007,0
2484,0
9449,1
1222,0
11081,0
8515,0
2134,0
2423,1
4629,0
8520,1
10297,0
10963,0
8108,0
11396,0
9636,1
6798,1
12279,0
1575,0
509,0
10183,0
6678,1
9326,0
2304,0
4794,0
8699,0
9972,1
748,0
8247,1
11965,0
1259,0
3077,1
11620,0
1888,1
11996,0
7933,0
7847,0
711,1
9741,1
11355,0
6075,0
9368,1
10557,0
1372,0
11504,0
6385,1
712,1
3329,1
3293,1
6061,1
9815,0
12336,0
9927,1
12218,0
4216,1
10834,0
8343,1
6339,1
4851,1
9411,0
1482,0
1489,1
104,0
8289,1
1794,1
8823,0
1821,1
2386,0
8206,1
10278,0
9316,1
1741,0
1658,0
212,0
5735,1
4550,1
6486,1
3058,0
323,0
11728,0
1097,0
10981,0
10198,0
1359,0
334,1
12213,0
3110,1
3474,1
2840,1
3691,1
1613,1
6000,0
792,1
233,1
7458,1
5996,0
1064,1
209,1
9517,1
1327,1
5885,1
10392,0
5211,1
1897,1
8000,0
2413,1
4679,1
8303,0
5257,1
9617,1
9063,1
871,1
1263,0
1618,0
2414,1
5527,1
1220,1
1765,1
4279,1
6073,1
11074,0
2001,1
6605,1
7324,1
7381,0
3582,1
2523,1
7738,0
4392,0
3078,1
7588,1
10259,0
9511,0
5723,1
7497,0
2165,1
617,1
12075,0
11002,0
12366,0
6105,0
8509,1
6975,0
12055,0
12199,0
2004,1
11900,0
3047,1
11021,0
4397,1
7740,1
8205,1
3095,1
11436,0
3285,1
12027,0
7534,1
5910,0
1313,0
7442,1
7075,1
12277,0
2903,0
6225,1
3333,0
3053,0
9229,0
8369,1
2269,0
8891,1
5437,0
8276,0
10843,0
8756,1
4415,1
8081,1
8470,1
2114,1
5045,0
7169,1
4257,0
2602,0
7257,1
8693,1
6790,1
520,0
8704,1
4974,1
7478,1
6637,0
1092,1
9943,1
10024,0
6237,0
3771,1
1109,1
1038,1
10461,0
20,1
10940,0
4605,0
934,1
11106,0
11236,0
8072,0
1726,1
8552,1
6569,0
1737,0
4782,1
561,0
10651,0
11472,0
9871,0
1162,1
11931,0
8323,0
10496,0
1527,1
5359,0
2930,1
58,0
10111,0
5716,0
10610,0
2291,0
10675,0
5707,0
7731,1
9604,0
1649,0
10197,0
2724,1
11114,0
6020,0
8454,1
11828,0
4532,1
6378,0
6470,1
3870,0
8875,1
12319,0
2907,1
8959,1
3538,0
7061,1
8544,1
8413,0
1817,1
12154,0
3949,1
337,0
2072,0
10777,0
12292,0
5684,1
3513,1
2815,0
5230,1
6625,1
11989,0
11553,0
766,1
3782,1
5396,0
1144,1
11434,0
2510,0
5118,0
2273,1
6390,1
5792,1
6580,1
9514,1
4635,1
11012,0
1672,1
6393,0
4721,0
4055,0
9043,1
1808,1
2275,1
3761,1
11566,0
8794,1
8198,0
2045,1
7277,1
4702,0
1295,0
6098,1
3952,0
4553,0
8346,0
444,0
858,1
841,1
11316,0
10109,0
9606,1
994,1
6832,0
1554,1
9967,1
12015,0
11723,0
7589,1
6679,1
2513,0
2835,1
7346,1
2233,1
3050,0
8446,1
400,1
10212,0
9566,0
10704,0
1023,0
3298,0
4504,0
11642,0
4792,1
10145,0
5466,1
4972,1
7908,0
4080,0
803,1
1550,0
1009,1
7630,0
2737,1
648,1
8729,1
2862,1
4950,1
6743,0
550,0
9349,0
6618,1
211,0
10401,0
8991,1
11354,0
6885,1
3543,1
5181,0
1438,1
2515,0
2868,1
2434,1
9053,1
11115,0
4374,0
1314,1
10293,0
11317,0
3979,0
12,1
818,1
2784,1
10768,0
453,0
6769,1
12064,0
1656,1
3457,0
4896,1
10871,0
9784,1
10796,0
2908,1
7013,1
940,1
9265,1
11126,0
9593,0
8479,1
5524,0
7716,0
10402,0
8565,1
1400,0
30,1
3677,0
6648,1
8270,1
9753,1
12256,0
6729,1
1108,0
9520,0
11255,0
3229,1
5250,0
7515,1
11839,0
3319,1
5195,0
10351,0
6210,0
11536,0
6903,1
5120,0
11358,0
1563,0
4429,1
5955,1
3071,0
12334,0
10858,0
8498,1
9856,1
7743,0
4978,0
11381,0
9479,1
8192,1
12025,0
10806,0
7015,1
11468,0
2213,1
9082,1
6259,1
9929,1
5623,0
2111,1
4608,0
11275,0
11423,0
11655,0
11238,0
11757,0
5292,0
9953,0
10505,0
7903,1
10118,0
355,1
1429,1
6673,1
8802,0
9003,1
11456,0
332,1
6805,0
11113,0
4224,1
964,0
120,1
5430,0
5372,0
3281,0
2370,1
2544,1
12315,0
7246,1
2885,1
8341,1
2178,1
12186,0
11737,0
10776,0
3123,0
9979,0
1544,1
5261,0
11840,0
8929,1
4771,1
8401,1
7399,1
945,1
8047,1
11297,0
8022,1
11850,0
1675,1
7475,1
1561,1
8761,1
5419,0
11541,0
1095,0
8868,0
3287,1
10292,0
7434,1
2605,1
1392,1
5411,1
10761,0
752,1
10754,0
3737,1
12177,0
10624,0
3215,1
6684,0
10216,0
1777,1
4113,1
1770,1
10603,0
4843,1
3022,1
4228,1
3012,0
11353,0
5931,1
9156,0
4682,0
6292,1
527,0
7626,0
11412,0
4264,0
4262,0
5767,1
1919,1
701,1
11613,0
4720,1
12331,0
9855,1
1298,0
8424,1
1352,0
2926,1
12142,0
1287,1
4584,1
10191,0
6596,0
7293,0
3697,1
2013,1
7572,1
4373,0
5138,1
6058,1
2147,1
5964,1
8635,0
6077,1
11321,0
5711,0
7865,1
11175,0
5032,1
9117,1
810,0
11760,0
2073,1
11290,0
9384,1
9141,0
885,1
1477,1
1790,1
11039,0
2008,1
7471,0
682,1
3895,1
8122,1
6505,1
6234,1
57,0
6452,1
2399,1
5965,0
11984,0
7949,1
6554,1
8626,0
1468,0
1416,1
7934,1
2358,1
7403,1
12129,0
10609,0
10548,0
4525,0
4602,1
10038,0
3869,1
11940,0
10713,0
9756,1
8059,0
8777,1
9802,1
1055,0
2281,1
11605,0
1924,1
11232,0
1075,0
1115,1
3936,0
3533,0
10590,0
460,1
3032,0
4207,0
12402,0
1452,1
2149,1
319,1
7914,0
1922,1
10068,0
11050,0
5740,1
11277,0
5169,0
2129,0
8624,1
6300,0
2509,0
1052,1
6192,1
8546,0
4067,1
1456,1
5702,1
361,1
12284,0
3145,0
5761,1
11594,0
6666,1
8668,1
6657,1
11765,0
540,1
7565,1
11323,0
12258,0
11552,0
754,1
5613,1
2003,1
2542,1
12416,0
5163,1
6883,0
4271,1
100,1
7195,1
601,1
11091,0
4874,1
7727,0
1044,0
9648,0
1557,1
1487,1
8736,1
11437,0
10308,0
2115,0
8764,1
618,1
5236,1
5861,0
5294,1
3396,0
1600,0
8541,1
11488,0
1615,0
1752,0
8171,1
6214,1
2083,1
10028,0
8940,0
9336,0
8847,1
9305,1
675,0
2545,0
6794,1
11604,0
3999,0
11823,0
175,0
5933,1
3609,1
9758,1
3787,1
11401,0
2225,1
7590,1
10120,0
1126,1
5838,0
9915,1
2441,1
1322,1
1603,0
4210,1
10668,0
10715,0
4065,0
10819,0
11726,0
8839,1
4889,1
4071,0
1507,0
1559,1
5769,1
9115,1
4991,1
10140,0
12049,0
1836,0
1354,0
6719,0
8864,1
10974,0
7493,1
4032,1
7271,0
6786,1
5872,0
8791,0
9978,0
2251,0
1025,1
9701,1
5903,1
5598,0
5199,1
3397,1
313,0
8522,1
6182,1
7720,1
4802,0
5144,1
5641,0
2970,1
5721,1
11818,0
3885,1
11960,0
9613,1
5743,1
8917,1
4814,1
11162,0
9363,0
8114,1
9734,0
1840,1
11304,0
9288,1
3673,1
5579,0
10773,0
4698,0
12420,0
3320,0
2272,0
11687,0
4254,0
8379,0
7677,0
847,0
7807,1
12270,0
8916,0
9694,0
5168,1
4597,1
1417,0
5553,0
3848,1
604,0
6275,1
2078,0
7945,1
2311,1
4343,1
6745,1
1982,1
4466,0
199,0
485,0
3270,1
4724,0
2823,1
4551,1
3245,1
4453,0
8488,1
5749,1
3749,0
8046,1
11042,0
10158,0
2794,1
6607,1
10742,0
9966,0
524,1
947,1
9716,0
9867,1
1280,0
122,0
4366,0
9463,1
5484,1
2302,1
11217,0
9365,1
1005,1
3460,1
4830,1
9332,0
11170,0
3055,0
3566,0
11643,0
2132,1
6639,1
5837,0
5336,1
229,1
11143,0
4001,0
12439,0
8739,1
7120,1
3007,0
6174,0
4587,1
4221,0
8805,0
10744,0
10387,0
2750,1
8400,1
5434,0
4376,0
2944,1
8048,0
2718,1
7251,1
7433,1
6029,0
6499,0
12128,0
6822,0
4161,0
10606,0
9587,1
10514,0
10243,0
6724,1
10925,0
11017,0
6422,0
1017,1
6497,1
10793,0
8760,0
1928,1
350,0
6520,1
11625,0
9370,0
9980,1
7942,1
6270,0
10366,0
564,1
1582,1
2175,0
7607,1
12426,0
3933,1
2707,1
12294,0
7853,0
3535,0
7459,1
7868,0
7290,1
3739,1
9736,1
821,1
2063,1
10959,0
81,0
9377,1
11518,0
2697,1
831,0
4574,1
3826,1
6965,0
2833,1
10944,0
11562,0
6978,1
48,0
7058,1
7613,1
11407,0
10375,0
5087,1
9360,0
4095,0
2689,1
10579,0
4924,1
4845,1
6768,1
2373,1
7852,1
2758,1
9291,1
7038,1
11908,0
5725,0
3880,0
10726,0
6107,1
11806,0
10077,0
6952,1
3945,0
12216,0
2164,0
2886,1
5444,0
9037,1
516,0
9707,1
8628,0
172,0
639,1
5267,0
6733,0
1143,0
8965,1
7676,1
10418,0
1832,1
7966,0
10949,0
3686,1
11289,0
6878,0
4537,0
6425,0
9488,1
834,1
2486,1
9313,1
6125,1
7080,1
9030,0
10968,0
8511,1
5835,1
65,1
6908,1
10275,0
8460,0
2024,1
6661,1
354,1
6330,0
4762,1
6429,1
10086,0
6412,1
10772,0
10069,0
4568,0
3127,1
5025,0
309,0
5030,1
6203,1
11679,0
6119,1
4354,0
12106,0
5689,1
10012,0
5019,1
2583,0
6022,0
2770,0
4812,0
8977,1
11149,0
6131,1
3209,1
10266,0
3905,0
6714,1
11975,0
6080,1
11781,0
2379,1
8908,0
11116,0
4169,0
6333,1
3428,0
4421,1
1101,1
6671,0
5473,1
11873,0
3250,1
4409,1
4140,1
3557,1
11919,0
118,1
2022,0
4598,1
12313,0
5061,1
10783,0
5943,1
10538,0
4681,0
5003,0
8040,1
10681,0
4273,1
6551,0
87,0
11792,0
3382,0
10832,0
10312,0
403,1
12117,0
3350,1
10362,0
6201,1
10124,0
2241,1
10645,0
8147,1
1027,1
12081,0
6363,0
2436,1
6134,0
8411,1
1278,1
7656,1
10272,0
1425,0
5027,0
12153,0
1502,1
12126,0
10659,0
10199,0
10678,0
678,1
12230,0
6023,0
7310,1
5053,0
6128,1
1070,1
10269,0
2480,0
11583,0
3392,0
1099,1
6983,1
12312,0
418,1
7953,1
5467,1
1947,1
3336,1
2299,0
7066,0
7070,0
12171,0
208,1
7821,0
7749,0
11663,0
12095,0
528,1
779,1
722,1
8542,1
1860,1
10551,0
11903,0
10537,0
11911,0
1992,1
2332,1
7998,1
11273,0
6096,0
3459,1
5271,0
5802,1
7816,1
7325,1
4518,1
8697,1
11001,0
10368,0
257,1
9484,1
9418,0
10719,0
11508,0
7772,1
3625,1
702,0
3189,1
503,1
10970,0
2556,1
9205,1
2248,0
372,1
4052,1
3937,1
12317,0
4076,1
997,1
4332,0
6325,0
1176,1
12060,0
551,1
4840,0
4372,1
3497,1
10242,0
9836,0
5871,1
7375,1
8274,1
12327,0
7765,1
8534,0
693,1
2533,1
5011,1
3443,1
982,0
12166,0
11715,0
4222,1
91,1
2266,0
8926,0
7620,1
11888,0
261,1
3337,1
8076,0
9371,0
11958,0
445,0
5111,1
3555,0
2194,1
9301,1
8582,1
2867,1
2526,1
8271,1
9025,1
8494,1
1168,1
4144,0
5149,1
84,0
3149,0
11469,0
880,0
7250,1
11923,0
1467,1
11092,0
7464,0
8296,0
4326,1
4044,0
4137,0
3039,0
6495,0
11006,0
12084,0
579,0
8732,0
9164,0
5514,0
9799,0
2467,1
4157,0
6223,1
413,0
402,0
4428,0
2084,0
3057,1
10900,0
164,0
12423,0
4302,0
11036,0
9307,1
3317,1
9976,1
3934,0
1847,0
1334,0
9570,0
753,1
3064,1
706,1
3491,1
4573,0
7469,1
11503,0
3151,1
11641,0
3799,1
4022,1
1074,0
8324,1
3438,1
7018,0
11118,0
7924,0
2429,1
246,0
3815,1
10284,0
3632,1
8298,0
2262,0
2246,0
835,0
5064,0
432,1
5517,1
1173,0
5908,0
4656,0
7775,1
8355,0
250,1
7328,0
12181,0
5597,1
11268,0
5562,1
3407,1
2729,0
12325,0
433,1
5714,1
9564,1
11307,0
7573,0
7917,1
8974,1
10565,0
4002,1
4753,1
1332,1
11473,0
9240,1
5720,1
1443,1
9116,1
5381,0
4310,1
4899,1
5775,1
8696,1
7012,1
12007,0
2569,0
9548,1
4277,1
3666,1
11539,0
2446,0
5363,1
3657,1
10044,0
3172,1
1223,0
9931,1
4166,1
544,1
1204,0
5701,0
7194,0
11326,0
2637,0
12054,0
7886,0
11446,0
6670,1
10848,0
877,1
10095,0
196,0
12132,0
3383,0
4379,1
8587,1
11791,0
2997,1
7810,0
2571,1
6104,0
10735,0
11661,0
11925,0
4969,1
4711,0
4163,0
7837,1
5912,1
9356,1
2682,0
7919,0
2508,1
6576,0
1510,1
4314,0
7505,0
1244,1
5763,1
6611,1
11879,0
4121,0
4995,1
10241,0
5833,1
7037,1
9746,0
5262,1
254,1
6431,1
4511,1
7219,0
5159,1
11044,0
759,0
654,1
5297,1
5288,1
7850,0
3401,1
1420,1
3044,1
2830,1
8419,0
328,0
8457,0
253,0
11916,0
5323,1
9693,0
4377,1
5092,1
5377,1
3019,1
3029,1
2636,1
7923,1
6994,1
3018,1
2945,1
3659,0
8813,1
8826,1
11256,0
2663,1
5378,0
9571,1
1362,0
10110,0
3481,1
11991,0
10494,0
11248,0
8074,1
5533,0
9632,1
8426,1
2880,1
3381,1
10415,0
1302,0
11208,0
4957,1
4836,1
8585,0
7695,1
5589,0
7796,1
942,1
10152,0
3235,1
3257,1
9430,1
9971,0
176,0
435,1
9357,1
308,1
1565,0
3964,0
2135,1
8911,0
11237,0
4977,1
6301,1
10184,0
595,0
5709,1
4625,1
5332,1
8391,1
10928,0
11638,0
2623,1
4572,0
10475,0
12143,0
231,0
179,1
737,1
11966,0
9372,1
9549,0
7963,0
10870,0
10192,0
12044,0
1321,1
1995,1
10327,0
6286,0
6414,1
10697,0
800,1
9429,0
2086,1
9193,0
69,0
5367,1
6630,1
8431,0
5170,1
1680,1
377,1
1469,1
2603,1
4181,1
6568,0
10274,0
4505,0
11239,0
4230,1
3091,1
2726,1
477,1
1329,1
2283,1
3732,0
12009,0
751,1
9940,1
11658,0
873,0
10778,0
9699,1
8037,1
4564,1
1545,0
739,0
10895,0
2683,1
9551,0
11914,0
5121,1
8278,0
3518,0
5547,0
2354,0
10502,0
5981,0
773,0
7261,0
10964,0
5200,0
9846,1
641,0
12156,0
6152,0
6843,1
7854,1
4309,1
5204,1
865,1
5516,1
7793,0
11912,0
7658,0
12310,0
10906,0
7460,1
8373,1
962,1
9239,0
8387,0
8719,0
5766,0
3309,1
2166,0
363,1
3723,1
2825,1
9394,1
3597,1
4726,0
546,1
2940,1
471,0
1641,1
11922,0
3338,0
5705,1
1172,1
7438,1
5273,0
5559,0
10690,0
7067,1
10456,0
8178,0
6041,0
10643,0
1410,1
7500,0
6821,0
8994,0
9267,1
2694,0
815,1
2131,0
1797,1
4575,1
5190,1
3122,0
5365,0
6890,0
4275,1
11513,0
3089,1
10533,0
10543,0
12431,0
11243,0
5253,0
237,0
1532,0
11719,0
5950,1
3410,0
2831,1
11331,0
1535,0
3879,1
5302,0
6084,0
1299,1
5499,1
10058,0
8904,1
1480,1
2793,0
12377,0
12176,0
5091,0
2329,0
6147,0
12056,0
7188,1
6373,1
3661,0
555,1
4825,1
1163,1
7755,0
4715,1
397,0
9675,1
2506,0
10947,0
6631,1
8180,0
7109,0
6681,1
723,1
300,1
10450,0
6691,1
4294,1
8376,1
4185,0
6752,1
5771,1
12242,0
3142,1
8256,0
6398,1
3205,0
4955,1
4582,0
11267,0
11917,0
12094,0
7578,1
9786,0
1152,0
1212,0
4503,0
10217,0
12079,0
10584,0
5427,0
11926,0
7601,0
665,1
11209,0
642,1
11499,0
3767,1
4272,0
5848,1
786,0
2857,1
3202,1
7496,0
6706,1
4187,0
10991,0
10322,0
4824,0
2905,0
4626,1
10855,0
996,1
6571,1
10602,0
10410,0
5523,0
10202,0
156,1
11405,0
3085,1
8674,1
1552,1
12356,0
6475,0
7964,1
3795,0
495,1
7414,0
2321,1
10799,0
5821,0
151,1
6500,1
9464,1
6886,1
12039,0
1738,1
3001,1
11034,0
7748,1
7217,1
11200,0
10918,0
2883,1
3720,0
10960,0
10614,0
5992,0
5471,1
9702,1
11794,0
2276,1
4823,0
4704,1
4461,1
343,0
9659,1
4136,1
8983,0
6560,1
10905,0
2223,1
4196,1
8439,0
9272,0
8640,0
5081,1
7615,0
6950,0
11370,0
4734,1
11662,0
1465,1
4593,0
2234,1
7210,0
3903,1
283,1
11528,0
5863,0
10670,0
11247,0
7834,1
4151,0
6825,1
8692,1
2121,1
5790,1
5012,0
9592,0
6463,1
3161,0
2630,0
7585,1
10592,0
10481,0
11161,0
1203,0
10010,0
616,1
1926,1
3114,1
2641,0
11154,0
2562,1
10597,0
2728,1
5728,1
6723,0
9876,1
2126,1
6685,1
10254,0
7203,0
7713,1
805,1
4694,1
9364,0
7584,1
3140,0
4280,1
5338,0
9396,0
566,1
6202,1
547,0
26,1
7717,0
3918,1
4486,1
10331,0
5398,0
8604,1
11546,0
1221,1
7781,0
2548,1
11787,0
437,1
9881,1
10529,0
9936,1
1861,0
2699,1
8690,1
7228,1
2481,0
6831,1
10491,0
2706,1
6827,0
326,0
5135,0
5325,0
2499,0
1004,1
10218,0
8953,1
4011,1
11744,0
534,0
3770,1
3960,1
585,1
10249,0
10930,0
6902,1
5799,1
8797,0
8422,0
491,0
5958,0
7450,0
6153,1
11361,0
10220,0
3548,0
6649,0
1916,1
3185,1
5963,1
1910,1
4034,1
6604,1
1133,1
8028,0
7550,0
2518,1
8952,0
1317,1
4368,0
121,0
9536,1
2449,1
12162,0
5662,1
10731,0
2601,0
1522,1
3484,1
2173,1
3283,1
4554,1
3605,0
10725,0
9321,0
6240,0
11282,0
3768,0
11827,0
11909,0
4038,1
3502,0
1407,0
4631,1
6449,0
10393,0
4935,1
10879,0
12251,0
2579,1
5970,0
3269,1
11896,0
1867,0
5550,0
6526,0
12338,0
6428,0
2521,0
6921,1
1820,0
6956,1
51,1
3888,1
5187,0
8876,1
3577,1
4565,1
7985,1
7566,0
10245,0
10847,0
1858,1
7874,0
11868,0
4961,1
7802,0
8513,0
11881,0
11478,0
5198,1
7634,1
425,1
4284,1
10419,0
11427,0
228,1
11826,0
2741,0
5137,1
10886,0
6421,0
7612,1
2921,1
5718,0
9224,0
5583,1
11505,0
3653,1
7111,0
12090,0
1128,0
7907,1
2331,0
2208,1
7822,0
11071,0
6550,1
3153,1
10364,0
9755,1
8879,1
11959,0
4990,1
2374,1
1632,1
7536,1
2298,1
8146,0
4252,1
10581,0
2721,0
9507,1
6515,1
7797,0
1736,0
6005,0
9236,0
5736,0
8484,0
12195,0
5094,1
2640,0
6572,1
8295,1
8394,0
10113,0
2550,1
9260,1
9616,1
938,0
7937,1
11026,0
12405,0
12104,0
4852,1
2644,0
10877,0
3165,0
3639,1
5069,1
6577,1
4487,0
2061,1
4645,0
6690,0
2812,1
11677,0
10749,0
12034,0
11183,0
2549,0
8779,0
7529,1
7454,0
8990,1
4174,0
6032,1
10896,0
1024,1
4848,0
11543,0
11078,0
1951,1
8873,0
351,1
9930,1
7530,1
5480,1
10442,0
4797,0
9258,0
3662,1
7828,0
4657,1
10857,0
3150,1
10710,0
6695,1
4813,1
6298,0
5969,0
8775,1
5143,1
2939,0
8115,1
4510,0
1340,1
11664,0
1391,1
8062,1
7201,0
9665,0
7930,1
9069,1
6861,0
1583,0
1412,1
10835,0
10892,0
2256,0
9225,0
8933,0
2212,0
5603,1
2622,1
8221,0
6004,1
5417,0
4938,0
9096,1
3624,0
6664,1
4267,0
11173,0
463,1
1754,1
10075,0
5638,0
6860,1
6282,0
7819,0
378,1
3106,1
4803,0
1335,1
10950,0
12067,0
2716,0
7785,1
6795,0
7882,1
8545,0
11814,0
7932,0
1811,1
7780,1
9483,1
1894,1
9191,1
6824,0
11535,0
7467,0
1189,1
5194,1
8330,1
11793,0
8765,1
3454,1
8214,1
6810,1
7628,1
7825,1
7709,1
6273,1
9282,1
4613,1
3992,1
11510,0
1030,1
7244,1
2220,1
3774,1
12403,0
9643,1
1755,0
6660,1
9103,0
8724,1
4327,1
10631,0
110,0
11805,0
10356,0
5731,1
2917,1
6688,0
1515,0
11759,0
11467,0
11265,0
10460,0
2263,0
7040,1
10072,0
10566,0
10440,0
893,1
1490,1
1850,1
9143,1
7862,1
324,1
1215,1
2933,0
4689,1
9214,0
8936,1
10680,0
11425,0
12105,0
1129,0
7465,1
2918,0
6221,1
3084,1
4588,1
4304,1
2795,1
6193,1
798,1
734,1
6334,1
2244,0
178,1
8618,1
9436,1
1174,0
6556,0
10226,0
1831,1
10059,0
8753,0
9995,0
1781,0
3201,0
198,0
11573,0
4087,1
5193,0
548,1
3339,1
11742,0
7136,1
9682,0
12000,0
2532,1
6351,1
2314,1
10423,0
8857,1
10261,0
9056,1
66,1
5127,1
4712,0
5214,0
3260,1
5033,1
2572,0
8510,1
8955,1
622,0
1681,1
787,1
3332,1
8097,0
6008,1
7735,0
10887,0
3280,1
7895,0
11350,0
8430,0
6347,1
10763,0
515,1
6158,1
478,1
10066,0
7592,1
8514,0
2647,0
10200,0
8304,0
7988,0
1033,1
7309,1
2598,1
6454,1
6191,1
7344,1
6702,0
8432,0
7090,1
344,0
5521,0
11549,0
1871,1
2977,0
8469,1
3986,0
11961,0
2888,1
8366,1
4623,1
4818,1
8398,1
8039,1
220,0
11435,0
7335,0
7507,1
10354,0
11313,0
8860,1
11901,0
4016,1
6400,0
4248,1
11204,0
11387,0
8715,1
10427,0
5868,1
6742,1
1264,0
7958,0
4241,0
5650,1
7286,1
11936,0
7625,1
11424,0
11271,0
8638,1
2881,0
1677,0
8880,0
6835,0
901,1
9509,1
2296,0
3402,1
6532,0
296,0
10931,0
4153,1
10108,0
6836,0
27,0
9982,0
9219,1
3829,0
6244,1
8625,1
3248,1
9441,1
10258,0
8065,1
2580,0
12355,0
9256,0
8703,1
1370,1
12272,0
9427,1
8060,1
5551,1
9088,1
5254,0
681,0
11584,0
4775,1
5422,1
3159,1
9049,1
2987,1
4908,0
1882,0
11531,0
8620,1
1940,0
3296,0
3534,0
6828,1
3729,1
490,0
7861,1
1181,1
1375,1
5014,1
8128,1
7105,0
626,1
4758,0
11300,0
2112,1
10517,0
8145,0
9689,1
1767,1
9544,1
4180,1
9423,0
8233,1
1462,1
2887,1
6872,1
684,1
4539,1
4514,1
9568,1
9787,1
1366,0
3916,1
12383,0
2639,1
11777,0
5602,1
11230,0
5729,0
5730,1
9417,1
8608,1
2300,0
4787,1
2938,0
5659,1
8506,1
10775,0
8525,0
1979,0
5979,0
3803,1
4534,0
8406,0
7063,1
6746,0
10520,0
7376,0
9338,1
4800,1
2280,0
6916,1
8290,1
4469,1
5133,1
8185,0
998,1
4130,1
5266,1
8774,0
12211,0
1784,0
3182,1
11550,0
494,1
6947,0
9663,1
6480,1
2860,0
2038,1
4041,0
9546,0
2897,1
366,1
849,1
8217,0
10495,0
8267,1
6697,0
2653,1
3503,1
8949,1
6095,0
1541,0
11929,0
11029,0
322,0
2031,1
11348,0
7383,1
813,1
2528,0
11669,0
6958,1
6375,0
6280,1
11444,0
10605,0
5274,0
1079,1
2226,0
12137,0
11366,0
3515,1
2705,0
9314,0
10662,0
1164,1
3261,0
6598,1
9615,0
1450,1
6126,1
4229,0
8347,0
3862,1
2936,1
10051,0
3917,1
5487,1
10121,0
10135,0
1723,0
9173,1
12192,0
7008,0
4056,1
11841,0
2999,1
7672,0
11216,0
1231,0
1514,1
2313,1
9121,0
1451,1
10446,0
7234,0
6934,1
8536,1
10612,0
4321,0
8437,1
838,0
12342,0
7211,1
3899,1
10576,0
3567,1
11529,0
5452,1
3087,1
8292,1
10758,0
4546,1
4692,1
1714,1
7159,1
4270,1
339,1
9253,0
4086,0
7977,1
10119,0
7653,0
588,1
3365,1
2670,1
5515,1
3589,1
34,0
28,0
2395,1
6973,1
7034,0
5506,1
7150,1
2170,1
8012,1
7278,0
889,1
3878,0
3322,0
11695,0
3514,1
11441,0
10376,0
5673,0
10941,0
2774,1
3733,1
7332,1
11784,0
9864,0
4528,1
1654,1
11134,0
10210,0
223,1
10730,0
7049,1
8447,0
5982,1
4239,0
5882,0
1590,1
8728,0
3256,1
8168,1
7439,0
2181,0
7799,1
9426,1
7662,1
6165,1
6103,1
11665,0
9404,0
9289,1
4817,1
7472,1
10098,0
6521,1
6507,1
1209,1
6720,0
421,0
10885,0
1706,0
1158,1
2306,1
273,1
171,1
3956,1
5606,1
7726,0
4865,1
11725,0
3188,1
1725,0
12174,0
8486,0
1564,1
1782,1
843,1
11634,0
6961,1
904,0
3494,1
12043,0
7975,1
1547,0
10386,0
2080,1
11430,0
9322,0
7691,1
3985,0
9002,1
8176,1
8862,0
9133,1
10195,0
4677,1
6533,0
3820,1
5209,0
2646,0
6946,1
9532,1
11521,0
256,1
8204,1
9434,1
4350,1
8781,1
7235,1
5923,0
6365,1
9634,0
2155,0
11378,0
11058,0
3715,1
4057,0
11748,0
10318,0
3622,1
5648,0
6962,1
6403,1
3102,0
558,0
7202,1
11011,0
1436,1
507,1
5275,0
4472,0
1869,1
5663,1
6955,1
5930,1
8694,0
755,0
10932,0
2339,0
4050,1
8196,1
3836,1
4386,1
8140,1
10840,0
6621,1
2118,0
9589,1
729,1
501,1
6747,1
643,1
7756,0
1539,1
8834,0
1211,0
9186,1
11346,0
672,0
4915,0
6106,0
6741,0
3377,0
4476,0
5615,0
10937,0
1464,1
4745,1
11098,0
1192,1
3793,1
1872,1
3590,0
6360,0
3158,1
10050,0
505,1
243,1
5678,1
506,1
11601,0
6501,1
9230,1
6909,1
4717,0
6222,0
11694,0
7284,1
7791,1
1773,1
9421,0
3010,1
7655,1
10165,0
797,0
3618,0
2381,1
2829,1
8568,1
11600,0
10880,0
4633,1
312,1
6510,1
746,0
3569,1
790,0
2476,0
6120,0
7640,1
11609,0
2570,0
5753,0
8218,0
10759,0
6448,0
5599,0
8132,1
4355,0
2163,1
9140,1
8963,1
380,0
11327,0
1292,1
1912,0
7130,1
599,1
3892,1
4141,1
5540,0
1652,1
8816,0
9806,1
1893,1
1944,1
3395,1
3388,1
6502,1
4362,1
12163,0
375,1
1966,1
3957,0
6195,0
12275,0
4423,1
5351,0
5696,1
1243,0
8466,1
10034,0
7028,1
10861,0
10337,0
1471,0
3346,0
4522,1
2657,1
2853,0
4506,0
11800,0
11176,0
12170,0
4045,0
10062,0
4062,1
5326,0
8094,1
6578,0
9385,1
8249,1
4306,1
9292,1
5139,1
7606,1
11702,0
298,0
3990,1
1049,0
10164,0
3823,1
8251,1
9969,0
2035,0
4039,1
8167,0
12038,0
11644,0
1972,1
7445,0
2099,0
1499,1
5205,0
3512,1
6800,1
8718,0
652,1
170,1
4085,1
242,0
9819,1
5798,1
10574,0
4371,0
1644,0
6355,0
5594,0
2756,0
5794,0
7859,0
9582,1
9355,1
8538,0
5231,1
2076,0
4103,1
11904,0
3996,0
4801,0
5968,1
7558,1
7952,0
7954,1
8637,1
10860,0
12220,0
12222,0
6754,1
10580,0
5849,0
7181,1
6991,0
10347,0
4661,0
4078,1
6054,1
10510,0
5974,0
640,1
1270,1
7152,0
2778,1
4603,1
4932,0
6060,1
1985,1
3861,0
3480,1
1534,1
325,0
5764,1
2338,1
7233,1
3980,1
9351,0
9853,0
4054,1
2237,1
5229,0
12118,0
4571,1
12040,0
5474,1
7405,0
864,0
8504,0
4942,0
2253,1
6010,0
8639,1
371,1
8934,1
11802,0
609,0
7377,0
10409,0
10844,0
9628,0
11557,0
9726,1
12012,0
9379,0
5830,1
2364,1
3213,1
5456,0
911,0
11511,0
10853,0
3789,0
9107,1
10480,0
5581,1
7176,0
9112,0
11089,0
5060,1
6842,1
1423,1
12208,0
479,1
662,1
9673,1
6437,1
11169,0
10207,0
2988,1
1119,0
2776,0
4535,1
11046,0
8836,1
7794,0
6349,1
10291,0
9198,0
7965,1
5573,1
6135,1
5269,1
4427,0
9703,1
5247,0
7456,1
3981,1
8976,1
11854,0
2893,1
2669,0
3977,1
8201,1
279,0
9820,1
9252,1
11962,0
11680,0
9440,0
5197,1
4664,1
1694,1
11083,0
5018,0
6133,0
3479,1
5554,1
4416,1
11586,0
4155,0
4883,1
5807,0
3809,0
2552,1
10722,0
9922,0
4296,1
7171,1
4683,1
10472,0
8922,0
7556,1
5593,0
2209,0
9813,1
8998,0
5402,1
2410,0
6897,1
4563,0
184,1
10720,0
8863,0
4516,1
2350,1
553,1
1397,1
1384,0
8261,0
11671,0
5856,1
4903,0
297,0
443,1
10943,0
5215,0
10005,0
7801,0
2077,0
7782,0
6017,0
4751,0
9944,1
2229,1
2842,1
2537,1
194,1
11563,0
6636,0
7745,1
817,1
3367,1
11948,0
6553,0
2578,1
1131,1
11330,0
5505,0
6854,0
6761,1
8641,0
8013,1
9624,1
320,0
1371,1
4042,0
9066,0
8027,0
907,1
305,1
3950,1
5529,1
7700,0
11056,0
9226,1
11140,0
9381,1
8796,1
10449,0
926,0
244,1
9680,1
15,0
143,1
5983,1
2363,0
12093,0
129,1
1161,1
8889,1
12193,0
8077,1
7281,1
8045,1
7856,1
5458,0
7406,0
5308,0
1876,0
2488,1
8742,0
4479,0
1182,1
2525,1
8273,0
1170,0
11329,0
2182,1
11884,0
7107,1
6792,0
11138,0
10595,0
8443,0
3371,0
10084,0
1859,1
7580,1
7448,1
10907,0
6781,0
1878,1
7968,1
3588,1
8462,1
3121,1
387,0
1311,1
1032,0
9962,0
6584,0
8317,1
6382,1
6725,1
8211,1
8011,0
4936,0
931,1
7719,1
4019,1
691,1
10791,0
5987,0
6364,1
1909,1
829,1
3498,1
9408,1
2081,0
11082,0
11752,0
44,1
3939,1
949,1
8384,1
4319,1
2965,1
3969,1
1187,0
11137,0
8283,1
7220,1
10359,0
284,1
11037,0
6308,1
4159,0
3092,1
9740,1
4556,1
5555,0
7148,0
4323,1
3982,0
8246,1
6940,1
3364,0
1404,0
3195,0
8723,1
12339,0
969,0
10104,0
6543,1
3734,0
925,1
11825,0
10823,0
4725,1
2843,0
2851,0
10256,0
8085,1
5956,0
519,1
11028,0
9942,1
4471,1
8034,1
4348,1
11166,0
10000,0
3626,1
1789,1
10302,0
2059,1
9401,1
7143,0
8557,0
4013,0
6006,1
1902,1
9055,1
6215,1
4686,0
8425,1
4922,1
6785,0
11487,0
7142,1
8151,0
9380,0
75,1
2345,1
6447,0
8361,1
430,1
4586,1
5483,0
7704,1
6405,0
11980,0
12296,0
7338,1
10151,0
9545,0
1553,1
5874,1
240,0
783,1
10349,0
3066,1
12144,0
977,1
4905,1
6264,1
6987,1
9329,0
5695,1
2941,0
7388,1
10105,0
7503,0
7379,1
8316,1
10036,0
1620,0
5642,0
12441,0
2146,0
1801,1
2095,0
10229,0
10346,0
1357,1
10097,0
10178,0
6782,1
10399,0
7463,0
9559,0
3565,1
12359,0
10920,0
11816,0
1609,0
3096,1
4590,1
2415,0
2017,1
2971,1
6424,0
4125,1
5846,0
5375,0
12203,0
8709,1
11937,0
3246,0
124,0
1106,0
11623,0
1814,1
840,1
6394,0
9796,1
5649,0
11390,0
3341,1
598,0
2123,1
5512,1
8726,1
7145,0
9790,1
8918,0
9458,1
12032,0
5999,0
2197,1
4051,1
1216,1
3362,1
2501,1
725,0
7688,0
978,1
808,0
7900,1
1475,0
9345,0
7333,1
8396,1
4906,1
8700,1
11597,0
4930,1
4542,1
3962,0
9657,1
2671,1
7654,0
1235,0
1225,0
1764,0
11155,0
607,1
7498,1
9102,1
7322,0
3217,1
5737,1
287,0
7824,1
2966,1
3164,0
8747,1
9552,1
11057,0
1657,0
1975,1
2397,1
452,0
2710,1
11395,0
9825,0
3681,1
6715,0
422,0
8769,1
5316,0
7025,1
657,0
3301,0
8627,1
2845,0
4066,0
10952,0
9750,1
5244,0
1001,1
4198,1
2418,1
875,1
3575,0
6726,1
3847,0
961,1
1580,0
7800,1
7889,1
2206,0
4266,1
8687,1
12350,0
4231,0
757,1
4866,1
5406,1
5313,1
2284,0
10310,0
7001,1
7417,0
5507,0
5309,1
12068,0
4827,1
7890,1
7873,1
807,0
3907,1
6141,1
8451,1
9891,1
7023,1
1956,1
2445,0
8658,1
6969,0
10157,0
9534,1
8528,1
10153,0
2402,0
8968,0
1073,1
10752,0
3398,1
4240,1
6524,1
5436,1
8165,1
10582,0
2091,1
4527,1
12444,0
1698,1
9295,1
10434,0
9698,1
7371,1
9327,0
1003,0
10294,0
11315,0
10355,0
2934,1
4651,1
10403,0
12024,0
6156,1
1485,1
11482,0
5368,1
10057,0
1411,1
6289,1
11741,0
12110,0
8281,1
709,1
7680,1
3603,1
985,1
3076,0
6169,1
10803,0
7384,1
8882,1
6713,1
5077,0
4101,0
11194,0
2722,0
11651,0
1268,1
2462,1
8349,0
268,1
3580,1
4750,1
8268,1
7702,1
8049,1
8468,1
12016,0
2821,0
11933,0
589,1
8832,1
11172,0
8197,1
656,1
10096,0
9848,0
2037,1
9679,1
9008,1
3758,1
6845,1
6151,1
8187,1
2028,0
9311,1
677,1
8558,1
1232,0
5454,1
12382,0
9709,0
8136,1
8589,1
4856,0
12394,0
2432,1
8948,1
8817,0
4647,0
10865,0
8159,1
896,1
1611,0
10562,0
1587,0
6686,0
7631,1
11736,0
1719,1
7744,0
9812,1
3806,1
8752,0
9572,0
4701,1
3961,1
731,1
5557,0
7036,1
5564,1
11950,0
10525,0
6087,0
890,1
11240,0
11196,0
4006,0
4939,0
11976,0
7946,0
5898,1
6173,1
9388,1
5819,0
9297,0
9935,0
2799,1
9880,1
584,1
3268,1
3932,0
4965,0
1260,1
8701,0
6199,0
6692,1
310,1
1716,1
7707,1
6009,1
2052,1
8663,1
4668,1
4298,1
6646,1
3783,1
1008,1
7733,0
10379,0
2185,1
11654,0
3623,0
12184,0
7675,1
12046,0
8810,1
8403,0
4834,1
4059,0
4756,1
7912,1
90,0
1987,1
470,1
1326,1
7279,0
8444,1
11392,0
2117,0
2937,1
888,1
983,0
6932,0
11811,0
9405,1
10797,0
10703,0
2925,1
8291,1
3214,1
5884,1
2341,1
8944,0
8372,1
9452,1
8861,1
9822,0
11027,0
627,1
8359,1
4947,1
5080,1
4244,1
7545,0
7991,0
4765,1
1601,0
11954,0
1269,0
128,0
9950,1
8664,1
1711,0
4182,1
7299,1
9051,0
4235,1
6995,0
8101,0
2398,0
11810,0
9192,1
11646,0
8375,1
8773,1
10471,0
1186,0
8750,0
12233,0
12191,0
12097,0
1977,1
5314,1
12425,0
4247,1
9835,0
9857,1
11220,0
915,1
1305,1
1096,1
3049,0
8337,1
6653,1
11852,0
1273,1
5698,1
6945,0
10091,0
2796,1
6797,0
1398,0
6615,1
3358,0
183,1
7877,0
4462,1
9026,0
8241,1
3563,1
9425,1
11560,0
6513,0
4567,0
9537,0
6603,0
10082,0
2656,1
10324,0
4305,0
1961,0
4992,1
4891,0
6138,1
5815,1
5869,0
8997,1
6395,1
11799,0
6226,1
10213,0
12417,0
8833,1
1251,1
3176,1
5072,1
3359,1
7809,1
8978,0
9652,1
9113,0
7466,1
11179,0
3289,1
11222,0
7411,0
7538,1
10868,0
3190,0
1573,1
12013,0
1051,1
4069,1
7918,1
3218,1
8412,0
272,0
2042,1
4763,0
7754,1
8119,1
8688,1
1086,1
1473,0
7282,1
8971,1
8351,1
9498,1
2186,1
11018,0
4322,1
11215,0
10567,0
5831,1
10102,0
498,0
7978,1
8854,0
4709,0
8489,0
10129,0
4485,1
10779,0
3478,1
10451,0
3924,0
1748,1
732,0
2553,1
2463,0
7708,1
9215,0
8885,1
2662,1
9773,0
8621,0
3113,1
3303,1
6250,1
1344,1
11631,0
11442,0
1690,0
10845,0
9083,1
5048,0
11801,0
8388,0
3308,1
1504,0
11388,0
1806,1
3871,0
1288,1
3791,0
5217,0
10323,0
11851,0
1067,0
8683,0
11817,0
1717,0
2696,1
6451,0
1848,1
4512,1
9269,1
11780,0
2431,0
10369,0
4660,0
6622,0
3435,1
9990,1
7347,1
11673,0
142,1
8741,1
5586,1
10910,0
6992,1
8137,1
9697,1
6804,0
6749,1
6100,0
5290,0
8203,0
3409,0
1117,0
7936,0
1756,1
497,0
8170,0
8083,0
870,1
3357,1
912,1
8631,1
721,1
2805,1
12376,0
886,0
11952,0
9149,0
10335,0
9543,1
1520,1
7396,1
11299,0
2746,1
8500,0
3545,1
314,1
1799,1
327,0
3757,1
9318,0
4204,0
5850,1
6129,1
5447,0
3129,0
7440,1
1996,0
9257,0
3968,1
11258,0
9849,0
1973,1
336,1
2764,0
9850,0
275,1
2985,0
2686,1
7724,1
4620,1
6531,0
3477,1
8177,0
3558,0
5715,0
2809,1
11334,0
4861,1
2334,0
9036,1
5246,1
3416,1
307,1
3908,0
10508,0
348,1
5918,0
826,1
5296,1
7243,0
11830,0
10013,0
4482,0
9139,0
3682,0
11406,0
10422,0
2053,1
8899,1
11967,0
71,0
8383,0
6855,1
11318,0
11858,0
6751,0
9438,0
9419,0
10149,0
8364,1
5356,0
1666,1
7579,1
5570,1
8858,0
52,0
219,1
6263,1
1445,0
8158,1
10801,0
9733,0
1695,0
2892,0
12448,0
1574,0
9245,0
3203,0
4405,0
1630,1
10464,0
1881,0
12347,0
5112,1
5708,0
5074,1
5509,0
10978,0
11415,0
848,1
2924,1
9505,1
8650,1
2877,1
6367,0
10074,0
186,1
3779,0
1830,0
7921,1
2959,1
7185,0
11498,0
9578,1
6904,0
5446,0
6587,1
1234,0
8721,0
10405,0
3915,1
446,1
9244,1
5839,0
844,1
5201,1
10939,0
8617,1
12308,0
9118,0
9611,1
2440,1
3103,1
10679,0
7692,0
4774,1
8482,1
6974,1
6094,1
1294,1
7920,1
5518,0
11207,0
5067,0
3442,0
10500,0
9605,1
10365,0
2837,1
776,1
12096,0
11558,0
6324,1
2153,1
5558,1
4920,1
10825,0
8757,1
11820,0
8798,0
3136,1
10479,0
5462,0
11339,0
10083,0
3183,0
10332,0
7522,1
1943,1
9899,1
3199,1
9443,0
1289,1
4581,0
6335,0
2500,0
11842,0
11110,0
11883,0
9281,1
4106,1
7542,0
4126,1
10201,0
6933,1
10031,0
11862,0
3966,0
1879,1
10563,0
11571,0
8309,0
5457,1
10599,0
3587,1
10938,0
3865,0
2148,1
4131,1
1036,0
636,0
11861,0
7216,0
3611,0
4134,1
649,1
1083,1
6711,1
861,0
5212,1
903,0
191,1
109,0
6026,0
4455,0
1942,0
10477,0
4331,1
11014,0
10626,0
5927,0
2040,1
11957,0
7972,1
9646,1
9334,1
9254,1
4878,0
4659,0
8523,0
5001,1
2775,1
7525,1
4145,1
2323,1
762,0
5921,0
2617,0
2411,0
1094,1
6065,1
7265,0
1546,0
4589,1
6034,0
11668,0
7517,0
6953,1
3135,1
3856,1
5040,0
7435,0
11465,0
5428,1
7910,1
6523,0
6419,1
10271,0
3805,1
884,0
2654,0
8237,1
7431,1
8404,1
6774,1
12109,0
11475,0
464,0
1257,1
9824,1
2259,0
4274,1
7074,0
5192,1
5630,1
12061,0
6231,1
7382,1
5300,1
2202,0
11100,0
10277,0
1262,0
8260,1
7212,0
975,1
8925,1
5866,1
4925,0
941,1
5263,0
6582,1
4723,0
2387,1
12111,0
8852,1
5021,0
7129,1
4391,1
5148,1
10398,0
6803,1
3221,1
3882,0
6055,1
11750,0
1610,1
10384,0
8878,0
3875,0
5953,0
2789,1
944,1
11079,0
1857,1
12273,0
4108,1
5213,1
11419,0
3255,1
7323,0
2690,0
8559,1
7389,1
4627,0
9296,1
1319,1
9420,1
12302,0
5162,0
9052,1
10490,0
9294,1
1135,1
4529,1
3475,1
3505,0
4749,1
2477,1
8362,0
8471,1
7086,0
9174,0
9656,0
4501,1
8263,1
12285,0
6336,0
10718,0
6982,1
7231,0
9287,0
1874,1
10593,0
2505,1
11749,0
5096,1
2904,0
7678,0
570,1
1448,0
3414,1
10039,0
939,0
9661,1
10792,0
8744,0
9910,1
5841,0
6837,1
9079,1
3226,0
12130,0
6332,0
3978,0
4383,1
5834,1
9845,0
9531,0
7845,0
3539,0
9896,1
11141,0
11059,0
9861,1
5681,1
2827,1
5780,1
3634,1
4996,0
1338,0
3262,0
7876,0
8999,1
6838,1
5089,1
5741,0
650,0
6039,1
2902,0
2258,1
12321,0
5395,1
12257,0
7082,0
11920,0
8819,0
3521,1
2730,1
8371,0
4478,1
5660,1
1596,0
67,1
2584,0
8334,1
6281,1
3196,0
8020,0
11660,0
5327,0
9863,1
9104,0
7609,1
1258,1
9947,0
10600,0
991,1
3504,1
919,0
165,1
11052,0
10630,0
4594,1
10094,0
2850,0
9071,1
12424,0
10114,0
4460,0
9304,0
6623,1
10435,0
2735,0
5669,0
4988,1
11184,0
2378,0
11756,0
4172,1
8092,0
9960,1
2103,1
3759,1
9718,1
1837,1
9999,0
10336,0
5710,0
4500,1
1093,1
12437,0
6718,1
12207,0
160,0
203,1
6483,1
3940,0
4933,1
7647,1
1230,1
3046,1
7957,0
2915,1
11288,0
4251,1
6111,1
6204,0
2725,0
4290,1
4334,0
383,1
7485,1
4886,0
857,0
370,0
6539,0
2561,0
3801,0
5455,0
10564,0
6859,0
8483,1
10800,0
11953,0
5944,1
615,1
2575,1
53,1
8890,0
3340,1
9450,0
11264,0
9020,1
8348,0
5876,1
9500,0
1812,0
990,1
8644,1
10438,0
2942,0
3163,0
4678,1
2618,0
3612,1
8235,0
7871,1
9957,1
3792,0
8416,1
3439,1
1892,0
12001,0
11606,0
5255,1
5167,1
6460,1
1505,1
8612,0
670,0
897,1
3306,0
8026,1
6239,1
2890,0
6003,1
7739,0
9502,1
9033,1
2,0
11767,0
6079,0
531,1
10728,0
8181,0
10765,0
6476,1
11090,0
10542,0
3406,0
5991,1
6328,0
8630,0
2565,0
2581,1
10170,0
2607,1
11788,0
2104,1
11567,0
8888,1
11382,0
4994,0
11010,0
5057,1
658,0
4434,0
11821,0
3816,0
6773,1
11729,0
7260,0
3904,1
11072,0
6811,1
8982,0
3700,0
10827,0
1788,0
6314,0
3645,0
1776,1
192,0
8530,1
11670,0
5388,1
8570,1
4951,1
2687,1
4390,0
4927,1
5552,0
9728,0
238,1
11527,0
8526,1
6901,1
9119,0
12332,0
9016,1
5097,1
9014,0
9303,1
8594,0
3552,0
12412,0
3360,1
8328,1
5628,0
7751,0
5783,0
4507,1
10515,0
146,1
9197,0
2294,1
7178,0
11872,0
8962,1
11795,0
10330,0
7081,1
4733,1
4384,0
8539,1
4545,1
596,0
11306,0
8771,0
5164,0
11374,0
1647,1
6815,1
2700,1
1700,0
2773,1
6968,0
8143,0
6219,1
86,0
10621,0
10534,0
10891,0
2594,1
1029,0
136,0
6972,0
7024,1
2854,0
1200,1
6121,1
9598,1
6296,1
3927,1
10983,0
3606,0
11084,0
2330,1
2187,0
195,0
5059,1
802,0
2668,1
241,1
2068,1
8576,0
10889,0
644,1
5103,0
1637,1
7552,0
8312,1
3074,1
7296,1
3278,0
8003,1
4970,0
8866,1
8326,1
6915,1
10635,0
7829,0
62,1
9859,1
9904,1
9120,1
9027,1
679,1
2041,1
5307,0
9261,1
3641,1
10141,0
3258,1
1873,0
4744,1
2912,1
4027,1
5488,1
10743,0
8024,0
7786,0
11507,0
6864,0
489,0
690,1
602,0
1014,1
869,0
1993,1
7610,0
5283,0
4370,1
1361,1
1526,0
1629,1
1551,1
8912,1
12062,0
1337,1
3901,0
5041,0
8252,1
11410,0
5039,1
2346,0
11551,0
5485,0
11032,0
5694,1
5119,1
5166,0
1134,1
8342,0
4017,0
2424,1
4138,1
859,1
2962,1
8089,0
10117,0
9638,1
10654,0
11433,0
1364,1
10994,0
1779,0
8651,1
2101,1
1818,1
369,1
4937,1
5285,1
8367,1
10088,0
7071,0
2093,0
7817,1
1920,0
82,1
7331,1
7304,1
816,1
4396,1
8475,1
6124,0
4120,1
9913,0
1813,1
1271,0
2994,1
9495,1
6409,1
2642,1
8657,1
2305,1
9085,1
10425,0
4195,1
10391,0
3849,0
12260,0
10439,0
11921,0
3554,0
2195,1
2600,0
6163,0
1518,1
8776,0
9145,1
6309,0
5755,1
5633,0
8399,0
11579,0
7162,1
11772,0
9171,0
1988,0
7737,1
517,0
6160,0
9342,1
11293,0
10045,0
12077,0
4456,0
2761,1
6481,1
5911,0
11224,0
6547,1
4855,0
7644,1
11022,0
12059,0
6358,1
2438,0
3765,1
6432,0
7846,1
8877,0
11343,0
6340,0
4821,1
18,1
3560,1
3951,1
49,0
12322,0
887,1
6261,1
7236,1
6989,1
6043,1
3168,1
2949,1
1424,1
139,1
3197,0
5131,0
112,1
8160,0
10798,0
4559,1
4595,1
4690,1
7951,0
9309,0
3277,1
4068,1
4408,1
8840,1
11121,0
451,0
7262,1
3731,1
7256,0
11132,0
4986,1
3663,0
2763,1
9180,1
1855,1
999,1
389,1
6426,0
1476,1
2240,1
11369,0
8112,1
992,1
7032,1
4997,1
3922,1
2972,0
6871,1
9407,1
4769,1
1293,0
4173,0
2535,1
11359,0
1907,0
10317,0
11819,0
8560,0
6033,1
7619,1
1151,1
1567,1
3171,0
7106,0
4160,0
4287,0
2230,1
174,1
1903,0
10859,0
3408,1
1538,1
2292,0
1363,1
4357,1
5260,0
9308,1
9462,1
680,1
9844,0
3664,1
1661,0
508,1
166,1
10311,0
10377,0
7365,1
1914,1
7263,1
11997,0
12138,0
7361,1
1104,1
9951,1
5310,1
9414,1
5754,0
152,1
9890,1
5679,1
11364,0
3551,1
3722,0
4538,0
9284,1
8463,0
1991,1
10956,0
8501,1
5141,1
3811,1
10831,0
3450,1
4591,1
7352,1
205,0
6680,1
2749,1
8497,1
1849,0
11272,0
3240,0
9887,1
3109,0
5934,1
10189,0
5810,1
8575,1
5634,1
4307,1
3156,1
6534,1
10811,0
10315,0
3832,1
10839,0
4776,1
7997,0
4276,1
12136,0
8850,0
11949,0
278,1
6771,1
7415,1
3252,0
8902,1
11697,0
289,1
3075,0
10052,0
10935,0
270,1
4570,1
10919,0
6696,1
4316,1
3180,0
1422,0
8275,1
9939,1
4557,1
7812,0
6297,1
9129,1
12070,0
1132,1
6242,0
9456,1
11656,0
7423,1
12080,0
8979,0
5520,0
10828,0
9343,1
3786,1
10528,0
8345,0
2161,1
3008,1
1105,1
9201,1
692,1
4956,1
8307,1
4369,1
2765,0
3929,1
9512,1
12231,0
7778,1
628,1
2451,1
3824,1
11163,0
12399,0
3743,0
2176,0
6689,1
3318,0
9535,0
7432,1
2787,0
1196,1
1676,1
3947,1
7618,1
4444,1
5722,0
10545,0
2369,1
4967,0
2217,0
8148,0
3326,0
9255,1
3583,1
12169,0
12232,0
3619,1
6217,1
2468,1
8277,1
10526,0
5973,0
3667,1
5158,0
7594,1
6976,0
3423,0
8199,1
2409,1
3212,1
10652,0
5366,0
9275,0
6593,1
2895,1
10888,0
11460,0
3642,1
9188,0
10437,0
12063,0
11147,0
8548,1
12333,0
5451,1
7160,1
7866,1
2743,0
4958,1
6474,1
7888,1
8811,1
492,1
1116,1
5637,1
10926,0
12289,0
9234,1
10712,0
6589,1
11278,0
7557,0
9961,1
5241,1
11497,0
2783,1
9569,1
1696,1
5685,1
2295,1
5939,1
7763,1
3313,1
4781,1
8350,0
9286,1
7605,0
215,1
6707,1
10255,0
8682,1
11362,0
3483,0
7006,1
5102,1
6599,1
3764,1
9885,0
6410,1
9445,1
25,0
7659,0
10846,0
11449,0
10724,0
6683,1
10237,0
8584,0
9620,0
10694,0
12014,0
10307,0
1102,0
3276,0
5345,1
11286,0
10946,0
8386,1
8835,1
9050,0
12442,0
2207,1
4552,1
4402,1
7395,1
3718,1
972,1
4579,1
6516,0
719,1
6155,1
11739,0
2803,1
2566,1
4025,1
6198,1
8224,1
10989,0
4063,0
2792,1
2222,0
5818,1
3866,1
9019,1
10780,0
3227,1
4214,1
3923,1
9306,1
1401,1
8931,1
7703,0
4979,1
3253,1
11882,0
2661,0
2158,1
8578,1
8088,1
674,1
9482,1
7011,1
9158,1
3841,0
1815,0
10358,0
12249,0
2100,1
10962,0
6708,0
1673,1
4213,1
9068,0
1548,0
9012,0
8547,0
5184,0
1461,1
11681,0
3220,1
12406,0
7170,1
7430,1
11877,0
1751,1
3976,1
8353,1
1772,1
2016,0
2005,0
3893,0
3237,1
4424,1
8588,1
2257,0
4072,0
5574,1
11836,0
5355,1
8418,0
6093,1
7935,0
10085,0
1519,0
10179,0
1378,1
5672,1
2587,1
12157,0
5621,1
9834,1
12397,0
5842,1
7122,1
5832,1
4888,1
5904,0
522,1
8043,1
3607,0
234,0
3796,0
6318,0
7094,1
1948,1
6361,0
11698,0
6091,1
11301,0
2224,1
9010,0
5571,1
4523,1
5793,1
10933,0
5738,0
2624,0
4728,1
7818,1
8859,1
12343,0
11342,0
9276,0
2437,0
6056,0
9009,1
6352,1
3167,1
1809,1
10080,0
7161,0
5086,1
10033,0
7016,1
9714,1
4945,0
6046,1
11519,0
6919,0
5590,1
7226,0
1228,0
9602,1
6846,1
8244,0
6555,0
159,1
8851,1
1589,0
12252,0
11808,0
11785,0
11614,0
6687,1
11627,0
9387,0
7480,0
11522,0
1556,1
2828,1
436,0
5789,1
11509,0
1588,1
7398,1
2780,1
11168,0
5686,1
3965,1
4727,0
1238,1
2951,1
9099,1
10572,0
1497,0
6465,1
7355,1
7823,0
7547,1
7913,1
10655,0
5185,1
5647,1
11691,0
5242,1
2130,0
2092,0
5409,1
187,1
12194,0
7938,1
3655,0
3426,1
9558,1
1381,0
9730,0
8605,1
7427,1
5037,1
4897,1
3175,1
9933,1
8448,1
12323,0
11762,0
2235,0
8068,1
4236,0
9251,0
9538,1
24,1
3363,1
1088,0
8733,0
11389,0
2841,1
7537,1
7470,0
11596,0
4152,1
695,1
11418,0
6337,1
1227,1
1999,1
276,1
5929,1
2953,1
3637,0
3906,1
4778,0
5845,0
12074,0
4117,1
1137,1
2767,0
8182,0
9883,1
7661,0
9134,0
9270,1
2490,0
12053,0
7742,1
3935,1
2384,1
8016,1
7084,0
115,1
1863,0
3119,1
4258,1
11484,0
10523,0
2819,1
9924,1
12209,0
11303,0
4699,0
3802,1
6068,0
3536,0
3825,1
6642,1
10756,0
1946,0
10862,0
9513,0
10374,0
7269,0
9724,0
7929,1
7166,0
6963,0
5867,1
4761,0
882,0
557,1
10099,0
1207,1
9448,0
7684,1
9630,1
6538,1
3211,1
3630,1
1708,1
8458,0
1140,1
3162,0
6207,0
3730,0
2660,1
8848,0
1307,1
2567,1
9190,0
2834,1
11918,0
2151,0
9722,1
3835,1
12071,0
9554,1
11291,0
5004,1
6626,1
1627,0
9968,1
12212,0
358,0
138,1
8491,0
382,0
9399,1
4857,0
11564,0
1439,1
946,1
5498,1
4916,0
8556,1
1932,1
2352,1
3236,1
10298,0
3807,1
1936,0
11075,0
4154,0
8988,1
2416,0
11913,0
6139,1
785,1
6789,0
8036,0
8315,1
11776,0
5668,1
2172,1
2169,1
6628,1
4009,1
4340,1
910,1
6268,0
2309,1
6591,1
4458,1
7597,1
11766,0
11615,0
4652,1
6218,1
442,1
3415,1
10881,0
9553,1
10750,0
5744,1
1054,1
3699,1
929,1
6468,0
8767,0
1829,0
12139,0
10131,0
2011,1
913,1
7611,1
11495,0
9599,1
2606,1
4928,1
6564,0
10134,0
6,1
7835,1
6583,1
3361,0
9717,0
1635,0
1141,0
359,1
2070,1
3134,1
5160,1
6990,1
3243,1
2242,1
1474,1
10684,0
3259,0
4020,1
10988,0
8566,0
3500,1
2658,0
10509,0
1130,1
1819,1
7461,0
9775,0
9742,0
10166,0
7064,1
4318,1
4669,1
5476,1
12247,0
10912,0
1856,1
2282,0
10824,0
4008,1
6401,1
12357,0
11537,0
386,0
1628,1
10482,0
11603,0
7718,0
9575,0
12411,0
9101,1
1842,1
2497,0
201,1
10664,0
3868,1
5054,0
5889,0
2702,0
7922,1
331,0
3808,0
935,0
1774,1
9808,1
8611,1
11379,0
989,1
5443,0
10372,0
6993,1
10637,0
5806,1
10875,0
10830,0
6574,0
3052,1
10751,0
8365,1
4615,0
3321,1
9470,0
6246,1
6048,1
3311,0
9695,0
9803,0
11672,0
8210,0
3628,0
11025,0
1356,0
5002,1
9677,1
5823,0
11831,0
5670,1
3112,0
182,0
11020,0
855,1
10489,0
4912,1
12400,0
1800,1
11514,0
5482,0
10370,0
1968,0
10363,0
10142,0
4697,0
4987,1
4650,1
1159,0
9649,1
1325,1
9800,1
4796,1
6796,1
5808,0
12286,0
1455,0
5410,1
8333,0
2800,1
7616,0
11129,0
7815,1
4378,1
8921,1
9906,0
6716,0
3736,1
2261,1
7429,1
4005,0
9302,1
2394,1
1185,0
2007,1
193,1
8770,0
5525,1
771,1
1478,1
1846,1
3740,0
7986,0
405,0
11876,0
10640,0
6317,1
6581,1
1447,0
342,1
7468,0
727,0
4577,1
9168,0
9250,0
3516,0
11060,0
10043,0
7156,1
7851,1
1348,0
660,1
1492,1
10611,0
5154,0
11930,0
9277,1
2524,0
9597,0
10539,0
5374,0
3198,1
5717,1
9491,1
11319,0
10234,0
8259,1
11822,0
40,0
10996,0
6816,1
9577,0
10159,0
2723,1
11429,0
10671,0
9335,1
12119,0
7155,0
9573,1
11474,0
7230,1
5075,1
7880,0
5394,1
10642,0
7789,1
11622,0
4088,1
1967,1
11177,0
10955,0
11944,0
6999,1
423,1
11532,0
11834,0
10673,0
6142,0
5661,1
9031,0
4596,0
2659,1
141,1
2597,1
6701,1
1377,0
3674,1
12320,0
6362,1
12374,0
4741,1
1138,0
7374,1
1787,0
12415,0
4646,1
7568,0
459,0
6115,1
8179,0
948,1
6370,1
4628,1
7358,1
5925,1
6040,1
441,1
6659,0
8831,0
9046,1
3830,1
11692,0
6144,1
11254,0
6344,0
1958,0
9262,1
155,0
9921,0
4578,0
1089,0
6049,0
11391,0
9122,0
7950,0
1674,0
6763,1
10424,0
6416,1
11907,0
2326,0
7096,0
10686,0
9801,0
6450,0
1715,1
9172,1
8381,0
9433,1
3831,1
6299,0
3348,1
11849,0
9177,1
587,0
9346,0
11853,0
2990,0
11939,0
9842,0
11035,0
264,1
9826,1
6788,1
10594,0
3864,1
6274,0
12204,0
3711,0
8438,0
1529,1
10214,0
923,0
9785,0
7329,1
4364,0
669,1
3604,0
5108,0
11198,0
5248,0
7183,0
2591,1
5906,1
6509,1
7133,1
2307,0
8804,1
3690,1
687,0
612,1
7167,1
9837,1
3200,1
6629,1
4135,0
1898,1
282,0
258,0
11731,0
4943,0
2822,0
3525,1
12026,0
5223,1
2285,1
6063,0
8078,0
4654,0
5000,1
6710,0
11608,0
8676,1
5416,1
475,1
2555,1
8087,0
7,1
6411,1
11400,0
11087,0
5546,1
2426,0
6744,1
11988,0
2274,0
9203,0
1577,0
7264,1
9259,1
3970,0
5879,0
10476,0
11612,0
7193,0
3867,0
11720,0
6823,0
7548,1
781,0
1749,0
6519,1
5774,0
9283,1
9369,0
2324,1
5055,1
11895,0
1727,0
610,0
4666,1
5413,1
8103,1
8174,0
8535,1
3750,1
97,1
6985,1
3137,1
1537,0
3648,1
1517,1
11639,0
4624,1
6566,1
2090,1
7097,0
6171,1
7521,0
572,1
11281,0
3062,0
597,1
6633,0
11735,0
7875,1
7345,0
6304,0
9997,1
11751,0
5976,1
8562,0
1938,1
8100,1
1753,0
3670,1
10003,0
2361,1
4260,0
5432,0
6285,1
9810,1
11783,0
9763,1
10648,0
10316,0
5591,0
1171,0
7927,1
10021,0
9614,0
11640,0
10070,0
11399,0
874,1
2297,1
11578,0
2643,1
5347,1
9032,1
12368,0
581,1
204,1
7896,0
2014,0
905,0
631,0
8461,0
10373,0
1974,1
162,1
4998,1
10263,0
9557,0
4713,0
9067,1
1431,1
6868,1
11368,0
7710,0
7736,1
4283,0
7531,1
9912,0
3384,1
11910,0
11878,0
10371,0
7462,1
3331,1
6404,1
8895,1
2096,1
10448,0
7999,1
5017,1
8738,1
1449,0
6900,1
2610,1
1900,1
8186,1
3920,1
2757,1
6397,1
10786,0
2097,0
8329,0
11763,0
5624,1
9028,1
3471,1
8266,1
2171,1
11796,0
12125,0
8590,0
2010,1
12189,0
1283,0
11956,0
1019,0
9518,1
8667,1
2810,0
10739,0
1651,1
11973,0
1169,1
9398,0
6256,0
5469,1
10866,0
867,1
5093,0
5433,0
541,1
9324,1
12248,0
6354,1
11619,0
3390,1
10008,0
12367,0
3959,1
6643,1
6841,0
10309,0
3586,0
10053,0
2563,0
5036,1
1080,1
5891,0
4966,1
2023,1
11798,0
7909,0
10856,0
7321,0
226,0
1013,1
1929,1
10430,0
5251,0
9596,1
2179,1
697,0
1124,0
7378,1
10206,0
5110,1
7902,0
1778,0
12214,0
2634,1
7544,1
7604,0
3489,0
1037,0
10172,0
8505,1
2649,0
2979,1
2547,1
5132,1
2159,0
9114,1
6445,1
3967,1
1428,1
10466,0
2520,0
8033,0
10741,0
12290,0
448,0
12398,0
9476,0
5995,0
12017,0
3727,0
7353,1
8553,0
6279,1
11117,0
7295,0
9496,1
6251,0
5926,1
2460,0
22,1
2066,1
1653,1
8894,1
8706,1
1376,1
1724,0
3754,1
8652,0
4183,0
4082,0
9678,0
8474,1
6579,1
4558,0
3537,1
7003,0
9560,1
11790,0
10236,0
8789,1
646,1
6381,1
7527,1
12073,0
7165,0
9934,1
7697,1
11707,0
4875,1
10691,0
5341,1
10618,0
7031,0
2160,1
685,1
2461,0
7128,0
6267,1
4941,0
5946,1
4583,1
5784,1
7569,0
10601,0
521,1
8714,1
11108,0
3983,1
11906,0
10764,0
780,0
10223,0
5607,1
5978,0
8843,0
3747,1
2196,0
8561,1
12306,0
4285,1
8569,1
9832,0
9805,0
6979,1
1827,1
9154,0
12045,0
2376,1
8551,0
3839,1
1246,1
7504,1
6511,1
11385,0
5439,1
11500,0
8964,1
12100,0
5510,0
5330,1
4531,1
9866,1
365,0
12429,0
147,1
1668,1
11004,0
7650,1
8599,0
7788,1
3456,1
3271,1
4940,1
9223,0
6230,1
11077,0
10090,0
9047,0
3926,1
10632,0
8080,0
78,0
7088,0
2247,1
10264,0
12384,0
10304,0
7451,1
8980,0
2279,1
8123,0
3897,1
10025,0
7177,1
9312,1
11770,0
3631,0
12042,0
6272,1
8616,1
392,0
3191,1
16,1
4200,1
2672,1
6164,1
3493,1
9651,0
7394,1
4839,1
593,1
11592,0
8737,1
5827,0
7961,1
5887,1
2355,1
6036,0
4798,0
10760,0
4592,1
8656,1
163,1
11526,0
11743,0
12173,0
7380,1
12396,0
6356,1
9092,1
5542,0
6007,1
7993,1
7638,1
6793,1
7758,0
4837,1
2293,1
6548,0
7898,1
4481,1
3716,0
6140,1
9956,0
1549,1
2044,1
767,0
5693,1
7870,1
9700,1
7857,1
3302,1
4517,1
11287,0
10054,0
3292,0
9011,1
1403,1
1382,1
6928,0
5671,1
1638,0
12196,0
6907,0
8591,1
6406,0
9074,1
1179,1
5448,0
5078,1
8648,1
5175,0
689,1
11015,0
6525,1
12226,0
6488,1
7154,1
10468,0
6610,1
10658,0
4349,1
1884,0
10753,0
2494,1
5947,1
3036,1
5777,0
845,0
8734,1
7967,1
10550,0
7340,1
11242,0
10299,0
7137,1
2964,1
2529,0
5772,1
1048,1
7045,1
1960,0
2530,1
8429,0
4917,0
9325,0
5901,1
8286,0
4259,1
10666,0
5656,1
6097,1
5907,1
7373,1
2978,1
11024,0
11575,0
6721,0
7842,1
8264,1
10917,0
3138,0
8325,1
12362,0
1826,0
5548,0
8785,0
560,1
10961,0
8435,0
5435,1
4437,1
8597,0
1442,0
8453,0
4406,1
11869,0
1689,0
12288,0
9917,1
11182,0
5962,0
2496,1
10186,0
340,0
2408,1
9793,1
10385,0
5782,0
4576,1
3725,0
2785,0
9715,0
1012,0
5280,0
4895,1
9958,1
7121,1
6549,0
4037,1
148,1
285,0
12021,0
8555,1
10452,0
9732,1
6770,1
4443,1
7446,1
236,0
11943,0
7123,1
10383,0
11902,0
3083,1
632,1
6813,1
2493,1
2665,1
10560,0
10633,0
10469,0
10060,0
10532,0
4211,0
9686,0
3874,1
9424,1
2817,0
10270,0
12219,0
11167,0
7426,1
10702,0
10536,0
11450,0
9777,1
1735,1
7397,1
4255,0
10296,0
2475,0
12430,0
3713,1
11164,0
1804,1
707,1
11439,0
5189,0
10826,0
5472,0
72,0
7843,1
5101,0
6764,1
9382,1
1125,1
1241,0
10252,0
2349,1
6602,0
6780,1
9769,1
4358,1
1343,0
12435,0
12373,0
11927,0
8632,1
6652,0
1100,1
9160,1
8841,1
9738,1
7327,0
7622,0
987,1
2852,1
8853,0
630,1
1249,1
3179,0
482,1
9776,0
9654,1
3040,1
5010,1
10869,0
7000,0
3273,1
7227,0
3683,1
6674,0
6807,1
12121,0
1316,1
3225,0
1072,1
4815,1
10512,0
9852,0
5752,0
11376,0
4616,0
3097,0
11740,0
6869,0
1300,0
7285,1
6284,1
11030,0
5495,1
5291,1
9600,1
10037,0
1798,1
9667,1
5203,1
8227,1
5047,1
6441,1
8636,1
8105,0
2359,1
11675,0
3654,1
7052,1
1286,0
11351,0
4445,1
2137,0
6787,1
9873,1
12140,0
10585,0
11667,0
6894,0
9884,0
10660,0
8564,0
7151,1
963,1
6012,1
4882,1
140,0
11225,0
8906,0
6936,0
6542,1
5243,0
10030,0
4431,0
10394,0
406,0
8212,1
9196,1
10408,0
10734,0
9135,0
8234,0
4399,1
5252,0
11,1
4760,0
1177,0
10139,0
2863,0
6471,1
6228,1
9218,0
2989,1
9153,1
7117,1
7010,1
10646,0
8927,1
1440,1
12133,0
2875,1
9108,1
11523,0
10942,0
7232,1
3726,1
2772,1
9816,0
454,1
9013,0
8189,1
1367,0
3712,1
12268,0
1388,1
9042,1
1000,1
7761,1
3553,1
4114,1
9829,1
1667,1
3173,0
9539,1
11696,0
488,1
3230,0
3828,1
10767,0
5208,1
7848,1
5704,1
12005,0
8133,1
703,1
5105,1
11063,0
3291,0
8125,1
9519,0
11994,0
11212,0
4909,1
4440,0
11322,0
986,1
11491,0
11266,0
7705,1
6257,0
6089,1
5238,1
1198,0
9710,1
11276,0
7519,1
6812,1
9991,1
9206,1
8320,1
9556,1
10225,0
7175,1
4470,1
891,1
1969,0
5757,0
6527,1
6294,0
7595,0
9110,1
3249,1
6570,0
6638,1
7351,0
11409,0
9400,0
7473,1
11457,0
10795,0
1239,1
2289,1
2740,0
8467,0
4585,1
9227,1
1229,0
9200,1
6980,1
5178,1
4293,1
1058,0
6262,0
281,1
9235,1
9508,1
968,0
3953,1
1939,1
10519,0
1274,1
619,1
10577,0
1742,1
1390,1
2203,1
9771,1
9847,0
3568,1
10404,0
6116,0
12413,0
6052,1
3178,0
3192,0
9499,1
6099,1
7029,0
575,0
6656,1
7115,0
10957,0
6276,0
9472,0
11171,0
5897,1
5724,0
10185,0
269,1
629,1
3081,1
3466,1
6430,1
11590,0
7062,1
12108,0
5543,1
10238,0
4356,1
11864,0
2113,0
8219,0
10232,0
3216,1
3814,1
8321,0
10683,0
2278,1
4599,0
13,1
11485,0
1525,1
2365,1
4648,0
374,0
10598,0
6477,1
525,0
9131,0
6895,1
10339,0
3591,1
7904,1
2958,1
529,1
3714,0
4732,1
9461,0
1394,1
9989,0
9633,1
5631,1
9465,1
6563,1
4703,1
1712,1
12145,0
955,0
6675,1
3453,0
9579,0
8595,0
2071,0
12123,0
10169,0
158,1
7005,1
9094,1
352,1
6078,0
6236,1
8946,1
12421,0
2920,1
8503,1
4644,0
661,0
7057,1
10181,0
3665,0
7979,1
306,1
10527,0
4790,1
2356,0
1927,0
11617,0
3427,1
8941,1
3638,0
10587,0
1266,1
1560,1
10326,0
7179,0
4109,1
7867,1
4904,0
7294,1
514,1
894,1
8601,0
21,1
899,1
207,0
458,1
10246,0
2430,1
8442,1
9299,1
3389,0
9905,0
3911,1
5383,1
8907,0
552,0
9631,0
10462,0
3144,0
6917,0
2056,1
1925,1
634,1
6082,0
8508,1
11538,0
12052,0
8619,0
10689,0
105,1
3041,0
10361,0
1709,1
89,0
7014,1
10433,0
3174,0
917,0
7833,1
6732,1
1949,0
6368,1
1,0
8032,1
6047,1
9127,0
11463,0
2720,1
8783,1
12215,0
3117,0
11786,0
9768,0
3762,1
213,1
778,0
3496,0
10973,0
2043,1
8920,0
5420,0
6154,1
9759,1
8357,0
10841,0
10205,0
8465,1
4167,1
3788,1
8586,0
583,1
12337,0
12432,0
116,1
6644,1
11226,0
12387,0
12160,0
12363,0
8712,1
1763,1
1875,1
10445,0
3224,0
526,1
7725,1
2946,1
4473,1
5655,1
8884,1
6059,0
959,1
6342,1
3633,1
1050,1
8782,0
8711,0
3380,0
3676,1
5776,1
11241,0
6573,1
5179,1
1607,1
3610,1
12148,0
6635,0
12449,0
10001,0
791,1
8984,0
3056,0
10047,0
1980,0
3598,1
933,0
7424,0
5626,0
1682,1
4179,1
6446,1
4116,0
988,0
2896,1
3778,0
5658,1
3093,1
3155,1
1823,1
11985,0
1098,1
10396,0
2844,0
9078,0
3342,0
38,1
6540,0
12245,0
8707,1
3356,0
9645,1
7813,1
9098,1
8220,0
11481,0
10699,0
2428,1
5043,1
5346,0
8954,0
4811,1
8476,0
686,1
4799,1
7437,0
2353,0
6353,0
4569,1
8213,1
2752,0
9077,1
8073,1
9109,1
1040,1
7491,0
1265,1
11530,0
7059,1
277,1
5084,1
10276,0
9437,0
2382,1
571,0
1435,1
9439,1
5352,1
10706,0
5445,1
1007,1
4543,1
10972,0
2064,1
1136,1
9882,1
5343,0
10177,0
294,1
9739,1
10204,0
8780,1
2403,0
10321,0
3998,0
11607,0
3741,0
11713,0
2719,1
11451,0
5150,0
2808,1
9017,0
556,1
11099,0
4795,1
2469,0
3738,0
4286,1
9908,0
2604,0
362,0
6924,0
1704,1
2139,0
3239,1
2383,1
7314,1
4311,1
9477,0
1312,0
11730,0
3930,1
6183,1
1591,1
11683,0
2162,1
2396,1
317,0
9516,1
5233,0
5068,0
4036,1
8987,1
3020,1
9903,0
8228,0
9105,1
5295,0
3972,1
5370,1
4133,1
974,0
7291,0
9175,1
954,1
9610,0
9752,0
9547,0
11582,0
5016,0
12113,0
9179,0
7490,1
1640,1
1290,1
1380,1
1933,0
4675,1
11365,0
10222,0
892,0
7287,0
4876,0
7906,1
8194,1
11674,0
10301,0
9041,1
2466,0
7657,1
10106,0
9788,1
1913,0
2736,1
726,0
7214,1
8245,1
1796,1
3845,0
6402,1
10745,0
936,0
2265,1
824,1
7274,1
1389,1
3564,0
9076,1
5429,0
7827,0
5690,1
7878,1
1868,1
8202,0
7486,1
9655,1
806,0
4805,0
10982,0
10300,0
11384,0
12395,0
10426,0
9155,1
7511,1
8056,0
4494,1
2632,0
11070,0
8896,1
8623,1
7832,0
4388,1
145,0
6467,1
2033,0
11352,0
1165,0
2050,1
3760,1
10816,0
4435,0
3430,1
8190,1
10903,0
7069,0
4361,1
10616,0
9454,1
1771,1
3511,1
271,1
8436,1
2032,1
9005,1
12035,0
3810,0
9996,1
4346,1
10653,0
545,1
3241,1
8930,0
8502,1
9323,0
12345,0
7564,0
920,0
11341,0
6640,1
7694,1
8230,0
7126,1
4278,0
2983,1
130,1
7980,1
2667,1
7138,0
3223,1
9374,1
7693,1
5392,1
614,1
12328,0
1466,0
4497,1
3042,0
9126,0
2419,0
5085,1
3294,0
6737,1
1500,1
9018,1
1521,0
11340,0
4232,1
7686,0
8820,0
4430,1
390,0
12278,0
7124,1
5913,0
8592,0
4806,0
11133,0
8238,0
8044,1
12178,0
3993,0
11893,0
6609,1
5319,1
12253,0
7119,1
2421,1
5604,0
1750,0
11206,0
12098,0
338,0
8407,1
1341,1
11885,0
7982,1
3640,1
329,1
10986,0
3004,1
6960,0
4090,1
9828,0
2322,0
6667,1
7009,1
4197,1
3549,1
9650,0
8363,0
4203,1
11588,0
11253,0
6185,0
1639,1
9130,1
60,1
1240,1
5760,1
5136,1
2343,1
2120,1
1524,1
7617,1
153,1
481,1
6122,0
7674,0
7101,1
1762,0
8942,1
7715,1
9977,1
11292,0
7479,0
6212,1
4853,1
2711,0
6766,1
4150,0
1333,0
11710,0
8378,1
9328,0
11685,0
12085,0
10250,0
11345,0
3850,1
8340,0
4124,1
11144,0
4788,0
2866,0
1386,1
5941,0
3067,1
11262,0
3629,1
11773,0
11233,0
3028,1
2969,1
9900,1
8646,1
6136,0
8801,0
4263,1
645,1
12023,0
2074,1
341,0
8041,0
1622,1
7141,0
5796,1
7184,0
11610,0
8232,1
5475,1
10281,0
10367,0
11515,0
74,1
12318,0
10849,0
10268,0
8633,1
11483,0
2051,1
2541,1
1301,1
5877,1
7368,0
1304,1
8428,1
11308,0
2599,0
2573,0
3186,1
2768,0
4831,0
4223,1
12019,0
2106,1
2679,1
10953,0
1387,1
11105,0
12030,0
7083,1
1279,1
804,1
1555,0
11812,0
4566,0
12041,0
4841,0
3594,1
6035,0
6852,0
10112,0
8705,1
4177,1
1308,1
9106,1
3452,1
3695,1
4242,1
2198,1
8966,0
4425,1
6150,1
943,1
822,1
5005,0
6612,0
8356,1
5619,1
4547,0
2538,0
9503,1
5207,1
11845,0
11199,0
3054,0
3675,0
7776,0
7218,1
6722,0
3300,1
3310,1
7221,0
8519,1
10682,0
5954,1
10998,0
832,1
3462,0
11611,0
7643,1
54,1
3451,0
6305,0
10093,0
1481,1
4873,1
8038,1
3335,0
6016,1
4926,1
9138,1
5797,1
10353,0
12240,0
5083,1
6645,0
5490,1
768,0
2065,1
11829,0
7311,0
8477,0
12370,0
4524,0
10524,0
2717,0
2079,0
8914,1
951,0
8058,1
2482,0
10454,0
9181,1
1759,1
9984,0
4422,1
6704,0
9916,0
5182,1
8533,1
3701,1
4243,1
688,0
3432,1
4944,1
966,1
11809,0
10395,0
2713,1
4757,1
11887,0
6320,1
5975,1
3572,1
5299,1
1990,1
1205,0
4971,0
12107,0
6783,1
3600,0
6490,1
8609,0
12422,0
8070,0
8577,0
7973,1
11585,0
1625,0
536,1
8766,1
7970,1
4212,1
6456,0
3507,0
8393,0
9524,1
7112,1
2708,1
5031,1
6514,1
4662,0
4021,1
1854,1
11732,0
2872,1
3030,1
9397,0
1645,0
3417,1
3476,1
11894,0
11053,0
1792,1
3797,1
3368,0
7196,1
12008,0
5109,0
6024,0
8795,0
11565,0
126,1
5959,0
3876,1
11127,0
4451,1
7147,1
3531,0
10922,0
827,1
9831,1
7790,0
984,0
11197,0
7783,0
10380,0
11932,0
2443,0
8554,1
10541,0
345,0
814,0
6166,1
11285,0
12172,0
5779,1
2116,1
10026,0
793,0
12380,0
6898,0
2674,1
94,1
4225,1
3756,1
2891,0
2371,1
11684,0
3228,1
7863,1
6359,1
11445,0
7326,1
6028,1
11045,0
11104,0
1865,0
4612,1
10049,0
2645,1
2243,0
5373,1
2336,1
950,1
11260,0
1120,1
10789,0
2204,0
419,1
922,1
9446,1
8669,1
10227,0
5408,0
5788,1
5742,0
7667,1
5567,0
8135,0
1202,1
10818,0
5765,0
8389,0
1970,0
11302,0
4018,1
10343,0
3687,1
1997,0
4033,1
11246,0
1248,1
2192,1
2712,1
9184,1
2190,1
4670,1
5142,1
5984,1
6565,1
7804,1
6943,1
9510,0
10055,0
10535,0
10641,0
2136,1
1065,1
600,1
4227,1
10813,0
7577,1
77,1
7546,1
2898,0
4820,0
9506,0
11577,0
6413,0
9444,0
9064,0
8007,1
5468,1
5951,1
11157,0
3391,0
5415,0
2560,1
12314,0
8162,1
2635,0
5256,0
3530,0
8567,1
1908,1
11525,0
235,1
1604,0
7984,0
9310,1
3490,0
12265,0
11150,0
1994,1
2824,0
11555,0
10568,0
1342,1
8512,1
1619,0
5287,1
2060,1
12391,0
2219,0
9865,1
6038,1
260,1
11855,0
10231,0
9093,1
3744,0
2026,1
6988,0
4234,1
1917,0
1828,0
9765,0
6233,1
11618,0
6283,1
4208,1
224,1
8915,1
10002,0
9333,0
6469,1
11718,0
10954,0
846,0
4289,1
5560,1
2551,1
11120,0
117,1
8837,1
5966,1
8195,1
8659,1
7489,1
5,1
5342,1
9111,1
10787,0
4324,1
1063,1
2590,1
8434,1
9352,1
11062,0
3735,0
10589,0
3517,1
6986,0
10755,0
6767,1
5622,1
1605,1
1733,1
10516,0
10901,0
11628,0
9504,1
3812,1
11987,0
10554,0
10167,0
1761,1
5401,1
2739,1
11995,0
2472,0
6738,0
6891,1
7943,1
9685,1
4206,1
6371,1
10350,0
9361,1
10348,0
232,0
8258,0
7561,0
9795,1
6168,0
3596,0
6288,1
4632,1
125,1
7641,0
6229,1
1296,0
1976,0
11803,0
11746,0
10267,0
5750,0
8152,1
3086,1
11544,0
6882,1
11581,0
7673,1
3345,0
8172,1
11727,0
5870,0
6506,1
2797,1
918,0
1646,0
5122,1
5126,1
4621,1
6809,0
364,0
11479,0
2125,0
8150,1
8717,1
55,1
638,1
302,1
10958,0
5811,0
1276,1
10247,0
4432,0
3644,1
4143,0
2878,0
6493,1
10478,0
10453,0
5240,0
11708,0
10488,0
6937,1
7240,1
9945,1
10160,0
2593,1
11309,0
2393,0
523,1
6376,1
6981,0
6677,1
3900,1
11998,0
5585,0
11652,0
7956,1
7570,0
11314,0
6777,0
10161,0
671,1
4188,0
666,1
3266,1
1887,1
11458,0
8472,0
9911,1
11139,0
9091,1
7687,0
6031,0
6090,1
6238,0
7350,1
7830,1
760,1
6254,0
1906,0
3818,0
6269,1
4300,0
5569,1
7941,1
10785,0
4164,1
11223,0
5971,0
3579,1
2832,0
5449,0
3472,1
6327,1
137,0
7043,1
4892,1
2180,1
10320,0
7730,0
3177,0
4854,0
4637,1
5115,1
11576,0
7648,0
4261,1
1331,1
10209,0
10674,0
7002,0
9550,0
6941,1
8017,1
6241,0
9521,0
12433,0
6881,0
10342,0
4530,0
10314,0
4673,1
6996,1
1252,0
11470,0
3374,0
2814,1
4719,1
6544,1
10040,0
4858,0
7901,1
11229,0
8580,1
8427,1
1077,0
10176,0
4363,0
770,1
10357,0
8865,0
249,1
9766,1
7239,1
3419,1
10273,0
10015,0
4976,1
4544,1
5565,1
7939,0
716,1
12022,0
2048,0
5997,1
6600,0
7245,0
4178,1
4809,1
10916,0
11807,0
7140,1
7190,0
1460,0
5989,1
9860,1
10948,0
2000,0
8175,1
404,0
384,0
11761,0
11813,0
10344,0
1633,1
11898,0
4784,1
12198,0
6970,1
3925,1
4158,0
7449,1
8415,0
2193,1
11328,0
10016,0
1015,1
5124,1
7418,0
7409,1
8989,1
2871,0
9,1
10136,0
1838,1
4804,0
255,1
7026,0
5713,1
3324,0
7714,1
1581,0
11148,0
924,1
2779,1
10700,0
7891,1
6132,0
5320,1
7312,0
7102,0
6042,1
3775,0
4835,1
4964,1
10971,0
539,0
7483,0
2745,1
3719,0
6819,1
9337,0
4468,1
667,0
7575,0
11211,0
8549,0
5063,1
11023,0
10975,0
1353,0
7114,1
12168,0
8662,1
2703,0
3330,1
8053,1
9588,0
3584,0
11753,0
5645,0
3376,1
1256,0
6190,0
11704,0
9442,1
5348,1
11003,0
11476,0
11125,0
4175,0
4910,1
1852,1
6316,1
12271,0
2105,0
133,1
5029,1
928,0
823,0
7576,0
11632,0
1531,1
1214,1
504,1
10188,0
6530,0
3072,1
10150,0
9576,0
9086,0
8647,1
6619,1
9273,1
3709,0
11938,0
4849,1
4748,1
4268,1
11714,0
12300,0
8905,1
4186,1
10406,0
5301,1
2923,0
6588,0
1810,1
3486,0
7419,1
3141,0
10019,0
9347,1
1324,0
4312,0
7494,0
8702,0
9872,0
8691,1
11832,0
10048,0
9580,1
10578,0
5541,1
11428,0
6172,0
1540,1
9409,0
2681,0
12304,0
11185,0
6313,0
1191,1
5293,1
1542,0
11493,0
11516,0
7056,0
2539,1
953,0
7241,1
6731,1
4846,0
6801,1
8010,0
4330,0
8924,1
5334,0
7330,1
9348,1
4729,0
11486,0
6541,0
11174,0
5305,1
5161,1
7860,1
2156,1
1062,0
10808,0
1167,0
11414,0
3636,1
7651,0
5588,1
11130,0
7192,1
4491,1
7266,1
11332,0
4980,1
8335,0
12388,0
11769,0
4946,0
2782,1
717,0
10011,0
2502,1
4360,1
4171,1
8082,1
12151,0
395,0
7186,0
12228,0
4492,1
1365,1
11860,0
8787,1
5917,1
4968,1
2914,1
10518,0
5644,1
3766,1
3440,0
7357,1
6806,1
9879,1
2143,1
5104,1
5073,1
1571,1
4079,1
1122,1
2786,0
2967,1
2504,1
5988,1
11657,0
8867,0
11000,0
7164,1
11540,0
728,1
7587,0
7543,1
412,1
11338,0
9708,0
5745,1
7668,0
825,0
3267,1
3974,1
8808,1
8306,1
417,1
11261,0
9817,1
6748,1
8967,1
11088,0
12011,0
2082,1
8945,1
10738,0
3373,1
5726,1
4107,1
10636,0
4380,1
7723,0
1066,1
3913,1
5536,1
8002,0
5387,1
5732,1
11690,0
2738,0
5052,1
4000,0
9760,0
2427,1
6833,1
10123,0
1687,1
851,0
11738,0
6303,1
9087,1
5878,1
8527,1
2839,1
11279,0
4611,1
9540,1
9207,1
11008,0
9823,0
2489,1
6905,0
7390,0
11443,0
2849,0
6665,0
5881,1
10262,0
4452,1
9949,0
7421,1
9827,1
6484,1
2479,1
6617,1
10457,0
11151,0
11251,0
2141,0
11310,0
5188,1
12082,0
11548,0
2744,1
7253,1
3506,1
1679,1
4249,0
3147,0
8130,1
10486,0
7004,0
580,0
9662,1
4070,1
3343,1
7404,0
3672,0
559,0
5237,0
7805,1
11041,0
512,1
1081,0
1664,1
9204,1
1931,1
12037,0
1150,1
2838,0
5949,0
8308,1
8932,0
12349,0
5177,1
11867,0
830,0
8311,0
4752,0
12149,0
12102,0
635,0
4465,1
6799,0
7987,1
7079,1
6966,1
4142,1
7027,1
9183,0
876,1
4869,1
5315,1
5222,1
4,0
3051,1
5691,1
3124,1
10852,0
2491,0
3854,0
4777,0
9907,0
7509,0
6457,1
6293,0
1148,1
11453,0
574,1
3769,1
11928,0
4146,1
853,1
10174,0
10966,0
5919,1
9358,0
6614,1
6002,0
9163,1
10893,0
4495,1
8173,1
6655,0
2368,1
4780,1
7992,0
2950,1
5625,1
6971,1
8716,1
10647,0
1841,1
5986,1
537,1
2806,1
5801,0
5596,1
7206,1
7343,1
7560,1
8096,0
11367,0
784,0
1409,1
10729,0
154,0
7806,1
3009,1
1686,0
11093,0
4014,0
7455,1
3863,1
2733,1
1895,0
5442,0
569,0
6709,0
5854,0
1816,0
10257,0
8319,1
3394,0
3327,1
12428,0
6102,1
2975,0
980,1
10492,0
190,0
9331,0
5088,1
699,0
12150,0
606,1
301,1
3420,1
12205,0
1060,0
10757,0
3444,1
1069,0
10716,0
2205,0
9435,1
7339,1
8208,1
7679,1
11312,0
4642,1
7683,1
9007,1
7996,0
11259,0
5600,1
9151,1
7022,0
4893,1
225,1
3354,1
5895,0
10677,0
8754,1
3436,0
1693,1
6893,1
1045,0
3446,1
8050,1
9146,0
12427,0
10927,0
11296,0
4735,1
4496,1
1218,0
6015,1
9719,0
3987,0
4911,0
9492,1
4493,0
6944,1
5699,1
8352,0
956,0
11983,0
11426,0
2869,1
11969,0
4433,0
4973,1
2961,0
2200,1
98,1
12264,0
2557,1
11375,0
8445,0
12115,0
4199,0
9637,1
5539,0
1648,0
9888,1
11383,0
6197,0
6295,1
4499,1
1154,1
2255,1
9874,0
3170,0
7400,0
10248,0
7158,1
3108,1
4548,0
11915,0
5423,1
2049,1
11835,0
9208,0
8815,0
12197,0
262,1
11561,0
4061,1
5534,1
6616,0
8120,0
8155,1
1802,1
4736,1
12438,0
2385,1
6694,0
5759,1
1959,1
2976,1
8680,1
1843,1
1734,1
2911,0
11411,0
8338,0
1986,1
9561,0
6546,1
7098,1
2811,1
659,1
9986,0
2511,1
11589,0
4282,1
9339,1
11464,0
8800,1
6287,1
11774,0
1930,1
7125,0
197,1
7777,0
2931,1
8004,0
2327,1
4389,1
8958,1
4218,1
11447,0
202,1
3510,1
4931,1
5535,1
9925,1
5791,0
10969,0
1707,1
5172,1
5249,1
11666,0
6528,0
12261,0
5855,0
8164,1
854,1
4737,0
10352,0
698,1
11344,0
11191,0
3696,0
1636,1
7280,1
7554,0
11649,0
3581,0
1291,1
6585,0
1853,0
5232,1
3763,0
3304,0
1495,1
11935,0
11637,0
7994,1
1998,0
663,0
3748,1
4413,1
5530,0
5575,1
8901,0
7526,1
9474,0
5864,0
10867,0
6776,0
12221,0
1306,1
7392,1
10429,0
11494,0
5592,0
10230,0
9721,1
1663,1
5450,1
12365,0
12390,0
3627,0
2693,1
11252,0
9789,1
10921,0
10817,0
5915,1
3157,0
11506,0
9914,0
6668,1
1059,1
4636,0
3242,1
1678,1
6892,0
6374,1
7574,1
1757,1
6019,1
5116,1
8755,0
7408,0
2790,1
863,1
7858,1
1484,1
7035,0
7721,0
5977,1
5134,1
206,1
4488,1
6938,1
9062,1
6910,0
502,1
7385,0
1028,1
3840,1
10882,0
8110,1
5056,0
9762,1
8154,1
10965,0
2731,1
8996,0
11837,0
2454,0
7215,0
3104,1
8392,1
6278,1
3099,1
6184,1
10470,0
3561,1
5892,0
391,1
6736,1
5618,0
5258,1
9687,0
2695,1
2027,1
5463,1
2568,0
8006,0
64,1
12076,0
2062,1
5276,1
7208,1
8684,0
8571,0
6331,0
4859,1
12185,0
4887,0
9268,0
878,1
8529,0
7916,1
6863,1
7892,1
6439,1
7869,0
1016,1
9467,1
11990,0
7629,1
11534,0
995,1
10173,0
4297,0
161,1
5675,1
6873,1
9692,1
7989,1
3843,1
10805,0
11653,0
1021,0
3073,1
7555,1
3943,0
1585,1
10147,0
3152,0
8226,0
12206,0
775,1
10748,0
9670,0
7099,1
5486,1
6235,1
9555,1
7041,0
2612,1
7513,1
11016,0
10233,0
8433,0
10253,0
10555,0
8792,0
10627,0
5393,1
11080,0
8838,0
3890,0
3556,1
11394,0
1528,0
1267,1
7734,0
1899,1
4658,1
3005,0
2734,1
189,1
9998,1
9167,1
2747,1
2047,0
7849,0
2558,1
9274,1
8666,0
11096,0
6396,0
12309,0
3385,1
4555,1
1184,0
6420,1
5051,1
5311,1
2433,1
6949,0
10583,0
769,1
1685,1
8322,0
11111,0
11363,0
11636,0
5578,0
4426,1
466,0
6265,0
5734,1
11284,0
11964,0
5191,1
5390,1
860,0
7270,0
